-- MySQL dump 10.13  Distrib 5.6.26, for Linux (x86_64)
--
-- Host: localhost    Database: check_a_db
-- ------------------------------------------------------
-- Server version	5.6.26

/*!40101 SET @OLD_CHARACTER_SET_CLIENT=@@CHARACTER_SET_CLIENT */;
/*!40101 SET @OLD_CHARACTER_SET_RESULTS=@@CHARACTER_SET_RESULTS */;
/*!40101 SET @OLD_COLLATION_CONNECTION=@@COLLATION_CONNECTION */;
/*!40101 SET NAMES utf8 */;
/*!40103 SET @OLD_TIME_ZONE=@@TIME_ZONE */;
/*!40103 SET TIME_ZONE='+00:00' */;
/*!40014 SET @OLD_UNIQUE_CHECKS=@@UNIQUE_CHECKS, UNIQUE_CHECKS=0 */;
/*!40014 SET @OLD_FOREIGN_KEY_CHECKS=@@FOREIGN_KEY_CHECKS, FOREIGN_KEY_CHECKS=0 */;
/*!40101 SET @OLD_SQL_MODE=@@SQL_MODE, SQL_MODE='NO_AUTO_VALUE_ON_ZERO' */;
/*!40111 SET @OLD_SQL_NOTES=@@SQL_NOTES, SQL_NOTES=0 */;

--
-- Table structure for table `agent`
--

DROP TABLE IF EXISTS `agent`;
/*!40101 SET @saved_cs_client     = @@character_set_client */;
/*!40101 SET character_set_client = utf8 */;
CREATE TABLE `agent` (
  `agent_id` varchar(10) NOT NULL COMMENT '代理商唯一id',
  `agent_name` varchar(60) DEFAULT NULL COMMENT '代理商名称',
  `agent_connectperson` varchar(20) DEFAULT NULL COMMENT '代理商对账工作人员id',
  `agent_connectpname` varchar(20) DEFAULT NULL COMMENT '代理商对账工作人员姓名',
  `agent_cpphone` varchar(11) DEFAULT NULL COMMENT '代理商对账工作人员电话',
  `agent_cpemail` varchar(20) DEFAULT NULL COMMENT '代理商工作人员邮箱',
  `isregister` tinyint(1) DEFAULT '0' COMMENT '是否注册，和财务人员绑定',
  PRIMARY KEY (`agent_id`)
) ENGINE=InnoDB DEFAULT CHARSET=utf8;
/*!40101 SET character_set_client = @saved_cs_client */;

--
-- Dumping data for table `agent`
--

LOCK TABLES `agent` WRITE;
/*!40000 ALTER TABLE `agent` DISABLE KEYS */;
INSERT INTO `agent` VALUES ('ah0001','安徽代理商','w1234','夏雪花','12345678901','132243@qq.com',1),('gd0001','广东代理商','z1234','张小明','17355704249','15587924@qq.com',1),('hb0001','湖北代理商',NULL,NULL,NULL,NULL,0),('hn0001','湖南代理商',NULL,NULL,NULL,NULL,0),('jx0001','江西代理商',NULL,NULL,NULL,NULL,0),('xc0001','四川代理商',NULL,NULL,NULL,NULL,0);
/*!40000 ALTER TABLE `agent` ENABLE KEYS */;
UNLOCK TABLES;

--
-- Table structure for table `assistance`
--

DROP TABLE IF EXISTS `assistance`;
/*!40101 SET @saved_cs_client     = @@character_set_client */;
/*!40101 SET character_set_client = utf8 */;
CREATE TABLE `assistance` (
  `workId` char(10) NOT NULL COMMENT '相当于用户名',
  `sourceSet` varchar(30) DEFAULT NULL,
  `name` varchar(10) NOT NULL,
  `phone` varchar(11) NOT NULL,
  `email` char(20) NOT NULL,
  `password` varchar(20) NOT NULL,
  `usertype` varchar(2) NOT NULL,
  `username` char(20) DEFAULT NULL,
  `agentid` varchar(10) DEFAULT NULL COMMENT '所属代理商id',
  `flag` int(11) DEFAULT NULL COMMENT '注册标志 0：成功注册 -1',
  PRIMARY KEY (`workId`)
) ENGINE=InnoDB DEFAULT CHARSET=utf8 COMMENT='????ÿ????????Ա??Ϣ';
/*!40101 SET character_set_client = @saved_cs_client */;

--
-- Dumping data for table `assistance`
--

LOCK TABLES `assistance` WRITE;
/*!40000 ALTER TABLE `assistance` DISABLE KEYS */;
INSERT INTO `assistance` VALUES ('jx1234',NULL,'江西代理','12134235564','132342@qq.com','1234','bu',NULL,'xc0001',-1),('l1234',NULL,'刘大','13760313545','12345678@qq.com','1234','bm',NULL,'',0),('shirlyxu',NULL,'徐琴玲','18702514651','xuql3@sanyvdr.com','xu12151203','bu',NULL,'jx0001',-1),('w1234',NULL,'夏雪花','12345678901','132243@qq.com','1234','bu',NULL,'ah0001',0),('z1234',NULL,'张小明','17355704249','15587924@qq.com','1234','bu',NULL,'gd0001',0),('zhangyr10',NULL,'张钰茹','18707913318','zhangyr@sany.com.cn','qwer=789','bu',NULL,'jx0001',-1);
/*!40000 ALTER TABLE `assistance` ENABLE KEYS */;
UNLOCK TABLES;

--
-- Table structure for table `backup`
--

DROP TABLE IF EXISTS `backup`;
/*!40101 SET @saved_cs_client     = @@character_set_client */;
/*!40101 SET character_set_client = utf8 */;
CREATE TABLE `backup` (
  `id` int(11) NOT NULL AUTO_INCREMENT,
  `filename` varchar(30) NOT NULL DEFAULT '0' COMMENT '备份的sql文件名',
  PRIMARY KEY (`id`)
) ENGINE=MyISAM AUTO_INCREMENT=6 DEFAULT CHARSET=utf8;
/*!40101 SET character_set_client = @saved_cs_client */;

--
-- Dumping data for table `backup`
--

LOCK TABLES `backup` WRITE;
/*!40000 ALTER TABLE `backup` DISABLE KEYS */;
INSERT INTO `backup` VALUES (1,'2016_11_01_08_55_21.sql'),(2,'2016_11_01_08_55_23.sql'),(3,'2016_11_03_10_21_26.sql'),(4,'2016_11_08_19_15_30.sql'),(5,'2016_11_11_13_22_59.sql');
/*!40000 ALTER TABLE `backup` ENABLE KEYS */;
UNLOCK TABLES;

--
-- Table structure for table `bank_input`
--

DROP TABLE IF EXISTS `bank_input`;
/*!40101 SET @saved_cs_client     = @@character_set_client */;
/*!40101 SET character_set_client = utf8 */;
CREATE TABLE `bank_input` (
  `payer` char(60) DEFAULT NULL COMMENT '付款人',
  `money` double DEFAULT NULL COMMENT '付款金额',
  `pay_way` varchar(30) DEFAULT NULL COMMENT '付款方式',
  `payer_account` char(11) DEFAULT NULL COMMENT '付款帐号',
  `payid` int(11) DEFAULT NULL COMMENT '手机付款记录',
  `contract_num` varchar(30) DEFAULT NULL COMMENT '合同号',
  `status` tinyint(1) DEFAULT NULL,
  `id` int(11) NOT NULL AUTO_INCREMENT COMMENT '自增id',
  `input_time` varchar(10) DEFAULT NULL COMMENT '到帐日期',
  `payee` varchar(60) DEFAULT NULL COMMENT '收款人',
  `payee_account` varchar(20) DEFAULT NULL COMMENT '收款帐号',
  `isConnect` tinyint(1) DEFAULT NULL COMMENT '是否和付款记录关联',
  `many_contract` varchar(1000) DEFAULT NULL COMMENT '多合同付款',
  `connect_num` int(11) DEFAULT '0' COMMENT '关联合同的结果，0：没有关联',
  `connect_client` varchar(21) DEFAULT NULL COMMENT '关联客户的结果',
  `owner` varchar(10) DEFAULT NULL COMMENT '上传者id',
  PRIMARY KEY (`id`)
) ENGINE=InnoDB AUTO_INCREMENT=791 DEFAULT CHARSET=utf8;
/*!40101 SET character_set_client = @saved_cs_client */;

--
-- Dumping data for table `bank_input`
--

LOCK TABLES `bank_input` WRITE;
/*!40000 ALTER TABLE `bank_input` DISABLE KEYS */;
INSERT INTO `bank_input` VALUES ('小1',3500,'网银转账','A123456',NULL,NULL,0,538,'2016/07/18','安徽工程机械有限公司','0987654321',0,'[{\"contract\":\"38310012232132449\",\"money\":3500}]',0,'','ah0001'),('小1',1600,'柜台电汇','B123456',NULL,NULL,0,539,'2016/07/12','安徽工程机械有限公司','0987654321',0,'[{\"contract\":\"38310012232132449\",\"money\":1600}]',0,'','ah0001'),('小2',3638.38,'现金',NULL,NULL,NULL,0,540,'2016/07/29','安徽工程机械有限公司','789456123',0,'[{\"contract\":\"650032025312\",\"money\":3638.38}]',0,'','ah0001'),('合肥工程有限公司',1000,'网银转账','D123456',NULL,NULL,0,541,'2016/07/29','安徽工程机械有限公司','789456123',0,'[{\"contract\":\"6200300130\",\"money\":1000}]',0,'','ah0001'),('河东工程有限公司',5000,'柜台电汇','E123456',NULL,NULL,0,542,'2016/08/09','安徽工程机械有限公司','789456123',0,'[{\"contract\":\"508162321000465\",\"money\":5000}]',0,'','ah0001');
/*!40000 ALTER TABLE `bank_input` ENABLE KEYS */;
UNLOCK TABLES;

--
-- Table structure for table `bank_input_backup`
--

DROP TABLE IF EXISTS `bank_input_backup`;
/*!40101 SET @saved_cs_client     = @@character_set_client */;
/*!40101 SET character_set_client = utf8 */;
CREATE TABLE `bank_input_backup` (
  `payer` char(60) DEFAULT NULL COMMENT '付款人',
  `money` double DEFAULT NULL COMMENT '付款金额',
  `pay_way` varchar(30) DEFAULT NULL COMMENT '付款方式',
  `payer_account` char(11) DEFAULT NULL COMMENT '付款帐号',
  `payid` int(11) DEFAULT NULL COMMENT '手机付款记录',
  `contract_num` varchar(30) DEFAULT NULL COMMENT '合同号',
  `status` tinyint(1) DEFAULT NULL,
  `id` int(11) NOT NULL AUTO_INCREMENT COMMENT '自增id',
  `input_time` varchar(10) DEFAULT NULL COMMENT '到帐日期',
  `payee` varchar(60) DEFAULT NULL COMMENT '收款人',
  `payee_account` varchar(20) DEFAULT NULL COMMENT '收款帐号',
  `isConnect` tinyint(1) DEFAULT NULL COMMENT '是否和付款记录关联',
  `many_contract` varchar(1000) DEFAULT NULL COMMENT '多合同付款',
  `connect_num` int(11) DEFAULT '0' COMMENT '关联合同的结果，0：没有关联',
  `connect_client` varchar(21) DEFAULT NULL COMMENT '关联客户的结果',
  `owner` varchar(10) DEFAULT NULL COMMENT '上传者id',
  PRIMARY KEY (`id`)
) ENGINE=InnoDB AUTO_INCREMENT=1901 DEFAULT CHARSET=utf8;
/*!40101 SET character_set_client = @saved_cs_client */;

--
-- Dumping data for table `bank_input_backup`
--

LOCK TABLES `bank_input_backup` WRITE;
/*!40000 ALTER TABLE `bank_input_backup` DISABLE KEYS */;
INSERT INTO `bank_input_backup` VALUES ('阿荣旗远东混凝土有限公司',3500,'网银转账','A123456',NULL,'',0,1877,'2016/07/18','广东工程机械有限公司','0987654321',0,NULL,0,'阿荣旗远东混凝土有限公司','gd0001'),('安达市建安建筑工程有限公司',1600,'柜台电汇','B123456',NULL,'',0,1878,'2016/07/12','广东工程机械有限公司','0987654321',0,'[{\"contract\":\"KFZLfxe11-654\",\"money\":1600}]',1,'','gd0001'),('王五',3698.38,'现金','',NULL,'',0,1879,'2016/07/29','广东工程机械有限公司','789456123',0,NULL,0,'','gd0001'),('安福县名骏商品混凝土有限责任公司',10000,'网银转账','D123456',NULL,'',0,1880,'2016/07/29','广东工程机械有限公司','789456123',0,NULL,0,'安福县名骏商品混凝土有限责任公司','gd0001'),('临猗县瑞帝斯混凝土有限公司',5000,'柜台电汇','E123456',NULL,'',0,1881,'2016/08/09','广东工程机械有限公司','789456123',0,'[{\"contract\":\"6500056529319\",\"money\":5000}]',1,'','gd0001'),('邓航',380000,'现金','K78965',NULL,'',0,1882,'2016/08/09','广东工程机械有限公司','789456123',0,NULL,0,'邓航','gd0001'),('王柯',12000,'网银转账','D654321',NULL,'',0,1883,'2016/08/18','广东工程机械有限公司','3456789012345',0,NULL,0,'','gd0001'),('湖南精优机械科技有限公司',10000,'柜台电汇','E654321',NULL,'',0,1884,'2016/08/22','广东工程机械有限公司','3456789012345',0,NULL,0,'','gd0001'),('安徽华诚混凝土有限公司',3000,'柜台电汇','F654321',NULL,'',0,1885,'2016/08/25','广东工程机械有限公司','3456789012345',0,'[{\"contract\":\"XTM1101108\",\"money\":3000}]',1,'','gd0001'),('杨军',2000,'银行承兑汇票','',NULL,'',0,1886,'2016/08/25','广东工程机械有限公司','789456123',0,'[{\"contract\":\"38311416001449\",\"money\":2000}]',1,'','gd0001'),('张三',1000,'转账','C1234',NULL,'',0,1887,'2016/09/10','广东工程机械有限公司','789456123',0,NULL,0,'','gd0001'),('阿荣旗远东混凝土有限公司',3500,'网银转账','A123456',NULL,'',0,1888,'2016/07/18','广东工程机械有限公司','0987654321',0,NULL,0,'阿荣旗远东混凝土有限公司','gd0001'),('安达市建安建筑工程有限公司',1600,'柜台电汇','B123456',NULL,'',0,1889,'2016/07/12','广东工程机械有限公司','0987654321',0,'[{\"contract\":\"KFZLfxe11-654\",\"money\":1600}]',1,'','gd0001'),('王五',3698.38,'现金','',NULL,'',0,1890,'2016/07/29','广东工程机械有限公司','789456123',0,NULL,0,'','gd0001'),('安福县名骏商品混凝土有限责任公司',10000,'网银转账','D123456',NULL,'',0,1891,'2016/07/29','广东工程机械有限公司','789456123',0,NULL,0,'安福县名骏商品混凝土有限责任公司','gd0001'),('临猗县瑞帝斯混凝土有限公司',5000,'柜台电汇','E123456',NULL,'',0,1892,'2016/08/09','广东工程机械有限公司','789456123',0,'[{\"contract\":\"6500056529319\",\"money\":5000}]',1,'','gd0001'),('邓航',380000,'现金','K78965',NULL,'',0,1893,'2016/08/09','广东工程机械有限公司','789456123',0,NULL,0,'邓航','gd0001'),('王柯',12000,'网银转账','D654321',NULL,'',0,1894,'2016/08/18','广东工程机械有限公司','3456789012345',0,NULL,0,'','gd0001'),('湖南精优机械科技有限公司',10000,'柜台电汇','E654321',NULL,'',0,1895,'2016/08/22','广东工程机械有限公司','3456789012345',0,NULL,0,'','gd0001'),('安徽华诚混凝土有限公司',3000,'柜台电汇','F654321',NULL,'',0,1896,'2016/08/25','广东工程机械有限公司','3456789012345',0,'[{\"contract\":\"XTM1101108\",\"money\":3000}]',1,'','gd0001'),('杨军',2000,'银行承兑汇票','',NULL,'',0,1897,'2016/08/25','广东工程机械有限公司','789456123',0,'[{\"contract\":\"38311416001449\",\"money\":2000}]',1,'','gd0001'),('张三',1000,'转账','C1234',NULL,'',0,1898,'2016/09/10','广东工程机械有限公司','789456123',0,NULL,0,'','gd0001'),('阿荣旗远东混凝土有限公司',3500,'网银转账','A123456',NULL,'',0,1899,'2016/07/18','广东工程机械有限公司','0987654321',0,NULL,0,'阿荣旗远东混凝土有限公司','gd0001'),('安达市建安建筑工程有限公司',1600,'柜台电汇','B123456',NULL,'',0,1900,'2016/07/12','广东工程机械有限公司','0987654321',0,'[{\"contract\":\"KFZLfxe11-654\",\"money\":1600}]',1,'','gd0001');
/*!40000 ALTER TABLE `bank_input_backup` ENABLE KEYS */;
UNLOCK TABLES;

--
-- Table structure for table `caresult_history`
--

DROP TABLE IF EXISTS `caresult_history`;
/*!40101 SET @saved_cs_client     = @@character_set_client */;
/*!40101 SET character_set_client = utf8 */;
CREATE TABLE `caresult_history` (
  `id` int(11) NOT NULL AUTO_INCREMENT COMMENT '主键',
  `caid` varchar(30) NOT NULL COMMENT '对账结果id',
  `cayear` varchar(4) DEFAULT NULL COMMENT '对账年份',
  `camonth` varchar(2) DEFAULT NULL COMMENT '对账月份',
  `url` varchar(50) DEFAULT NULL COMMENT '对账结果链接',
  `owner` varchar(30) DEFAULT NULL COMMENT '代理商id',
  `caresult` char(1) DEFAULT NULL COMMENT '对账结果，F代表完成，D进行',
  `lastcaid` tinyint(1) DEFAULT '0' COMMENT '上次对账的caid',
  PRIMARY KEY (`id`)
) ENGINE=InnoDB AUTO_INCREMENT=27 DEFAULT CHARSET=utf8;
/*!40101 SET character_set_client = @saved_cs_client */;

--
-- Dumping data for table `caresult_history`
--

LOCK TABLES `caresult_history` WRITE;
/*!40000 ALTER TABLE `caresult_history` DISABLE KEYS */;
INSERT INTO `caresult_history` VALUES (20,'2016-09-gd0001','2016','09','/check_Accout/报表中心/2016-09-gd0001_对账结果.xlsx','gd0001','F',1),(21,'2016-08-gd0001','2016','08','/check_Accout/报表中心/2016-08-gd0001_对账结果.xlsx','gd0001','F',0),(22,'2016-10-gd0001','2016','10','/check_Accout/报表中心/2016-10-gd0001_对账结果.xlsx','gd0001','F',0),(23,'2016-10-ah0001','2016','10','/check_Accout/报表中心/2016-10-ah0001_对账结果.xlsx','ah0001','F',0),(25,'2016-11-gd0001','2016','11','/check_Accout/报表中心/2016-11-gd0001_对账结果.xlsx','gd0001','F',0),(26,'2016-11-ah0001','2016','11','/check_Accout/报表中心/2016-11-ah0001_对账结果.xlsx','ah0001','F',1);
/*!40000 ALTER TABLE `caresult_history` ENABLE KEYS */;
UNLOCK TABLES;

--
-- Table structure for table `connect_person`
--

DROP TABLE IF EXISTS `connect_person`;
/*!40101 SET @saved_cs_client     = @@character_set_client */;
/*!40101 SET character_set_client = utf8 */;
CREATE TABLE `connect_person` (
  `username` varchar(12) NOT NULL COMMENT '用户名',
  `phone` varchar(11) DEFAULT NULL,
  `weixin` varchar(20) DEFAULT NULL,
  `company` varchar(50) DEFAULT NULL COMMENT '单位名称（付款人名称）',
  `password` varchar(20) NOT NULL,
  `real_name` varchar(20) DEFAULT NULL COMMENT '真实姓名',
  `register_way` char(1) DEFAULT NULL COMMENT '注册方式，P：个人；C：公司',
  `agent` varchar(10) DEFAULT NULL COMMENT '所属代理商',
  `contract_mes` varchar(1000) DEFAULT NULL COMMENT '合同信息，用于证明为有效用户',
  `companyid` varchar(30) DEFAULT NULL COMMENT '公司标识',
  `flag` int(11) DEFAULT '-1' COMMENT '审核通过标志',
  `email` varchar(20) DEFAULT NULL COMMENT '邮箱',
  `cardid` varchar(22) DEFAULT NULL COMMENT '身份证',
  `score` int(11) DEFAULT '0' COMMENT '积分',
  PRIMARY KEY (`username`)
) ENGINE=InnoDB DEFAULT CHARSET=utf8;
/*!40101 SET character_set_client = @saved_cs_client */;

--
-- Dumping data for table `connect_person`
--

LOCK TABLES `connect_person` WRITE;
/*!40000 ALTER TABLE `connect_person` DISABLE KEYS */;
INSERT INTO `connect_person` VALUES ('dengding','1344536364','dengdingweixin','临猗县瑞帝斯混凝土有限公司','1234','邓丁','C','gd0001','6500056529319','33262111086745',0,'254435@qq.com','440789923424',10),('dengfa','135678890','dengfaweixin','安福县名骏商品混凝土有限责任公司','1234','邓发','C','gd0001','50821216000465','61640871-7',0,'45687@qq.com','46754456756',30),('denghang','15581666637',NULL,'邓航','1234','邓航','P','gd0001',NULL,'410183197312122000',0,NULL,'410183197312122000',20),('lisi','13760898789','lisiweixin','李四','1234','李四','P','gd0001','65000552118980','1253',0,'rawfga@qq.com','47977534543',10),('liufei','13760898909','liufeiweixin','安达市建安建筑工程有限公司','1234','刘飞','C','gd0001','KFZLfxe11-654','576932908T9-S',0,'123456@qq.com','48097456789',30),('liusan','13750678987','liusanweixin','汕头建筑有限公司','1234','刘三','C','gd0001','6199901Q124669038','tSTFE122000',0,'fawfer@qq.com','44078119934567',10),('test','13789098745','testweixin','三一测试公司','1234','测试','C','gd0001','43243tyu','44078199789',0,'fafee@qq.com','4407899634',0);
/*!40000 ALTER TABLE `connect_person` ENABLE KEYS */;
UNLOCK TABLES;

--
-- Temporary view structure for view `connect_person_view`
--

DROP TABLE IF EXISTS `connect_person_view`;
/*!50001 DROP VIEW IF EXISTS `connect_person_view`*/;
SET @saved_cs_client     = @@character_set_client;
SET character_set_client = utf8;
/*!50001 CREATE VIEW `connect_person_view` AS SELECT 
 1 AS `username`,
 1 AS `phone`,
 1 AS `weixin`,
 1 AS `company`,
 1 AS `password`,
 1 AS `real_name`,
 1 AS `register_way`,
 1 AS `agent`,
 1 AS `contract_mes`,
 1 AS `companyid`,
 1 AS `flag`,
 1 AS `email`,
 1 AS `cardid`,
 1 AS `score`,
 1 AS `agent_name`*/;
SET character_set_client = @saved_cs_client;

--
-- Table structure for table `cus_sdstore_backup`
--

DROP TABLE IF EXISTS `cus_sdstore_backup`;
/*!40101 SET @saved_cs_client     = @@character_set_client */;
/*!40101 SET character_set_client = utf8 */;
CREATE TABLE `cus_sdstore_backup` (
  `client` char(60) NOT NULL,
  `input` double DEFAULT NULL,
  `update_time` char(10) DEFAULT NULL,
  `contract_mes` varchar(1000) DEFAULT NULL COMMENT '客户的合同信息',
  `contract_num` int(11) DEFAULT NULL COMMENT '合同个数',
  `owner` varchar(10) DEFAULT NULL COMMENT '客户所属代理商',
  `total` int(11) DEFAULT NULL COMMENT '保存总额',
  `accout_mes` varchar(100) DEFAULT NULL COMMENT '客户的合同信息',
  PRIMARY KEY (`client`)
) ENGINE=InnoDB DEFAULT CHARSET=utf8 COMMENT='????û????д?????ŵĸ?????¼';
/*!40101 SET character_set_client = @saved_cs_client */;

--
-- Dumping data for table `cus_sdstore_backup`
--

LOCK TABLES `cus_sdstore_backup` WRITE;
/*!40000 ALTER TABLE `cus_sdstore_backup` DISABLE KEYS */;
INSERT INTO `cus_sdstore_backup` VALUES ('临猗县瑞帝斯混凝土有限公司',0,'','[{\"contract\":\"6500056529319\",\"debt\":6352278}]',1,'gd0001',0,'[\"E123456\"]'),('安徽华诚混凝土有限公司',0,'','[{\"contract\":\"XTM1101108\",\"debt\":179787}]',1,'gd0001',0,'[\"F654321\"]'),('安徽强大建筑集团有限公司',0,'','[{\"contract\":\"7924130137\",\"debt\":1422554}]',1,'gd0001',0,NULL),('安福县名骏商品混凝土有限责任公司',20000,'2016/07/29','[{\"contract\":\"50821216000465\",\"debt\":345343},{\"contract\":\"7719091004\",\"debt\":679560},{\"contract\":\"77190916000004\",\"debt\":679560}]',3,'gd0001',0,'[\"D123456\"]'),('安达市建安建筑工程有限公司',0,'','[{\"contract\":\"KFZLfxe11-654\",\"debt\":1076565}]',1,'gd0001',0,'[\"B123456\"]'),('李四',0,'','[{\"contract\":\"65000552118980\",\"debt\":623232}]',1,'gd0001',0,NULL),('杨军',0,'','[{\"contract\":\"38311416001449\",\"debt\":189087}]',1,'gd0001',0,NULL),('汕头建筑有限公司',0,'','[{\"contract\":\"6199901Q124669038\",\"debt\":179787}]',1,'gd0001',0,NULL),('汕尾建筑有限公司',0,'','[{\"contract\":\"KFZL2011-654\",\"debt\":1076565}]',1,'gd0001',0,NULL),('清运混凝土有限公司',0,'','[{\"contract\":\"XTMeele01108\",\"debt\":179787}]',1,'gd0001',0,NULL),('茂名建筑集团有限公司',0,'','[{\"contract\":\"79241316000137\",\"debt\":1422554}]',1,'gd0001',0,NULL),('邓航',760000,'2016/08/09','[{\"contract\":\"6199901Q1131246\",\"debt\":179787},{\"contract\":\"KFZL1-654\",\"debt\":1076565}]',2,'gd0001',0,'[\"K78965\"]'),('阿荣旗远东混凝土有限公司',31500,'2016/07/18','[{\"contract\":\"38311416001451\",\"debt\":200000},{\"contract\":\"620004962950130\",\"debt\":189678}]',2,'gd0001',0,'[\"A123456\"]');
/*!40000 ALTER TABLE `cus_sdstore_backup` ENABLE KEYS */;
UNLOCK TABLES;

--
-- Table structure for table `cus_secondstore`
--

DROP TABLE IF EXISTS `cus_secondstore`;
/*!40101 SET @saved_cs_client     = @@character_set_client */;
/*!40101 SET character_set_client = utf8 */;
CREATE TABLE `cus_secondstore` (
  `client` char(60) NOT NULL,
  `input` double DEFAULT NULL,
  `update_time` char(10) DEFAULT NULL,
  `contract_mes` varchar(1000) DEFAULT NULL COMMENT '客户的合同信息',
  `contract_num` int(11) DEFAULT NULL COMMENT '合同个数',
  `owner` varchar(10) DEFAULT NULL COMMENT '客户所属代理商',
  `total` int(11) DEFAULT NULL COMMENT '保存总额',
  `accout_mes` varchar(100) DEFAULT NULL COMMENT '客户的合同信息',
  PRIMARY KEY (`client`)
) ENGINE=InnoDB DEFAULT CHARSET=utf8 COMMENT='????û????д?????ŵĸ?????¼';
/*!40101 SET character_set_client = @saved_cs_client */;

--
-- Dumping data for table `cus_secondstore`
--

LOCK TABLES `cus_secondstore` WRITE;
/*!40000 ALTER TABLE `cus_secondstore` DISABLE KEYS */;
INSERT INTO `cus_secondstore` VALUES ('合肥工程有限公司',0,NULL,'[{\"contract\":\"6200300130\",\"debt\":42000}]',1,'ah0001',NULL,'[\"D123456\"]'),('大连船舶',0,NULL,'[{\"contract\":\"3831143201451\",\"debt\":10000}]',1,'ah0001',NULL,NULL),('小1',0,NULL,'[{\"contract\":\"38310012232132449\",\"debt\":49000}]',1,'ah0001',NULL,'[\"A123456\",\"B123456\"]'),('小2',0,NULL,'[{\"contract\":\"650032025312\",\"debt\":5000}]',1,'ah0001',NULL,NULL),('小3',0,NULL,'[{\"contract\":\"650040232529319\",\"debt\":45000}]',1,'ah0001',NULL,NULL),('河东工程有限公司',0,NULL,'[{\"contract\":\"508162321000465\",\"debt\":78000}]',1,'ah0001',NULL,'[\"E123456\"]');
/*!40000 ALTER TABLE `cus_secondstore` ENABLE KEYS */;
UNLOCK TABLES;

--
-- Table structure for table `op_log`
--

DROP TABLE IF EXISTS `op_log`;
/*!40101 SET @saved_cs_client     = @@character_set_client */;
/*!40101 SET character_set_client = utf8 */;
CREATE TABLE `op_log` (
  `time` varchar(22) DEFAULT NULL,
  `usertype` varchar(15) DEFAULT NULL,
  `username` varchar(30) DEFAULT NULL,
  `content` varchar(30) DEFAULT NULL,
  `id` int(11) NOT NULL AUTO_INCREMENT,
  `result` varchar(30) DEFAULT NULL,
  PRIMARY KEY (`id`),
  KEY `id` (`id`)
) ENGINE=InnoDB AUTO_INCREMENT=699 DEFAULT CHARSET=utf8;
/*!40101 SET character_set_client = @saved_cs_client */;

--
-- Dumping data for table `op_log`
--

LOCK TABLES `op_log` WRITE;
/*!40000 ALTER TABLE `op_log` DISABLE KEYS */;
INSERT INTO `op_log` VALUES ('2016/10/20_11:32:06','管理员','l1234','注销',1,'成功'),('2016/10/20_11:32:10','代理商财务','z1234','登录',2,'成功'),('2016/10/20_11:32:12','代理商财务','z1234','进入对账流程',3,'成功'),('2016/10/20_11:32:54','代理商财务','z1234','注销',4,'成功'),('2016/10/20_11:32:56','管理员','l1234','登录',5,'成功'),('2016/10/20_13:41:53','代理商财务','z1234','登录',6,'成功'),('2016/10/20_13:42:13','代理商财务','z1234','进入对账流程',7,'成功'),('2016/10/20_13:45:34','管理员','l1234','登录',8,'成功'),('2016/10/20_13:47:25','代理商财务','z1234','登录',9,'成功'),('2016/10/20_13:47:28','代理商财务','z1234','进入对账流程',10,'成功'),('2016/10/20_13:47:32','代理商财务','z1234','进入对账流程',11,'成功'),('2016/10/20_13:47:43','代理商财务','z1234','执行对账',12,'成功'),('2016/10/20_13:47:44','代理商财务','z1234','导出对账结果',13,'成功'),('2016/10/20_13:48:25','代理商财务','z1234','注销',14,'成功'),('2016/10/20_13:48:30','管理员','l1234','登录',15,'成功'),('2016/10/20_14:24:45','代理商财务','z1234','登录',16,'成功'),('2016/10/20_14:24:49','代理商财务','z1234','进入对账流程',17,'成功'),('2016/10/20_14:25:35','代理商财务','z1234','注销',18,'成功'),('2016/10/20_14:53:50','管理员','l1234','注销',19,'成功'),('2016/10/20_14:54:06','代理商财务','z1234','登录',20,'成功'),('2016/10/20_14:54:09','代理商财务','z1234','进入对账流程',21,'成功'),('2016/10/20_14:58:37','代理商财务','z1234','注销',22,'成功'),('2016/10/20_14:58:42','管理员','l1234','登录',23,'成功'),('2016/10/20_15:01:55','客户','test','上传付款信息',24,'成功'),('2016/10/20_15:03:46','管理员','l1234','注销',25,'成功'),('2016/10/20_15:03:48','代理商财务','z1234','登录',26,'成功'),('2016/10/20_15:04:11','代理商财务','z1234','注销',27,'成功'),('2016/10/20_15:16:29','代理商财务','z1234','登录',28,'成功'),('2016/10/20_15:16:33','代理商财务','z1234','进入对账流程',29,'成功'),('2016/10/20_15:17:43','代理商财务','z1234','执行对账',30,'成功'),('2016/10/20_15:17:44','代理商财务','z1234','导出对账结果',31,'成功'),('2016/10/20_15:18:11','代理商财务','z1234','取消并重新对账',32,'成功'),('2016/10/20_15:20:08','代理商财务','z1234','注销',33,'成功'),('2016/10/20_15:20:09','代理商财务','z1234','登录',34,'成功'),('2016/10/20_15:20:13','代理商财务','z1234','进入对账流程',35,'成功'),('2016/10/20_15:20:32','代理商财务','z1234','执行对账',36,'成功'),('2016/10/20_15:20:33','代理商财务','z1234','导出对账结果',37,'成功'),('2016/10/20_15:21:07','代理商财务','z1234','取消并重新对账',38,'成功'),('2016/10/20_15:24:08','代理商财务','z1234','注销',39,'成功'),('2016/10/20_15:25:02','代理商财务','z1234','登录',40,'成功'),('2016/10/20_15:25:07','代理商财务','z1234','进入对账流程',41,'成功'),('2016/10/20_15:35:22','代理商财务','z1234','注销',42,'成功'),('2016/10/20_15:35:23','代理商财务','z1234','登录',43,'成功'),('2016/10/20_15:35:27','代理商财务','z1234','注销',44,'成功'),('2016/10/20_15:35:32','管理员','l1234','登录',45,'成功'),('2016/10/20_15:37:53','管理员','l1234','注销',46,'成功'),('2016/10/20_15:38:11','代理商财务','z1234','登录',47,'成功'),('2016/10/20_15:38:16','代理商财务','z1234','进入对账流程',48,'成功'),('2016/10/20_15:43:30','代理商财务','z1234','注销',49,'成功'),('2016/10/20_15:43:33','管理员','l1234','登录',50,'成功'),('2016/10/20_15:44:18','管理员','l1234','注销',51,'成功'),('2016/10/20_15:44:22','管理员','z1234','登录',52,'失败'),('2016/10/20_15:44:31','代理商财务','z1234','登录',53,'成功'),('2016/10/20_15:44:33','代理商财务','z1234','进入对账流程',54,'成功'),('2016/10/20_16:28:08','管理员','l1234','登录',55,'成功'),('2016/10/20_16:30:47','客户','denghang','上传付款信息',56,'成功'),('2016/10/20_16:31:02','管理员','l1234','注销',57,'成功'),('2016/10/20_16:31:07','代理商财务','z1234','登录',58,'成功'),('2016/10/20_16:32:56','客户','denghang','上传付款信息',59,'成功'),('2016/10/20_16:33:25','客户','dengfa','上传付款信息',60,'成功'),('2016/10/20_16:35:24','代理商财务','z1234','注销',61,'成功'),('2016/10/20_16:35:29','管理员','l1234','登录',62,'成功'),('2016/10/20_16:35:56','管理员','l1234','注销',63,'成功'),('2016/10/20_16:36:01','代理商财务','z1234','登录',64,'成功'),('2016/10/20_16:36:05','代理商财务','z1234','进入对账流程',65,'成功'),('2016/10/20_16:36:29','代理商财务','z1234','导入货款表及出纳表',66,'成功'),('2016/10/20_16:49:40','代理商财务','z1234','执行对账',67,'成功'),('2016/10/20_16:49:41','代理商财务','z1234','导出对账结果',68,'成功'),('2016/10/20_16:56:20','代理商财务','z1234','取消并重新对账',69,'成功'),('2016/10/20_16:56:45','代理商财务','z1234','执行对账',70,'成功'),('2016/10/20_16:56:46','代理商财务','z1234','导出对账结果',71,'成功'),('2016/10/20_16:56:56','代理商财务','z1234','取消并重新对账',72,'成功'),('2016/10/20_16:57:06','代理商财务','z1234','执行对账',73,'成功'),('2016/10/20_16:57:07','代理商财务','z1234','导出对账结果',74,'成功'),('2016/10/20_16:57:26','代理商财务','z1234','取消并重新对账',75,'成功'),('2016/10/20_16:57:33','代理商财务','z1234','执行对账',76,'成功'),('2016/10/20_16:57:34','代理商财务','z1234','导出对账结果',77,'成功'),('2016/10/20_16:59:40','代理商财务','z1234','注销',78,'成功'),('2016/10/20_16:59:48','管理员','l1234','登录',79,'成功'),('2016/10/20_17:03:13','管理员','l1234','注销',80,'成功'),('2016/10/20_17:03:23','代理商财务','w1234','登录',81,'成功'),('2016/10/20_17:03:37','代理商财务','w1234','进入对账流程',82,'成功'),('2016/10/20_17:03:53','代理商财务','w1234','导入货款表及出纳表',83,'成功'),('2016/10/20_17:04:10','代理商财务','w1234','执行对账',84,'成功'),('2016/10/20_17:04:11','代理商财务','w1234','导出对账结果',85,'成功'),('2016/10/20_17:06:48','代理商财务','w1234','注销',86,'成功'),('2016/10/20_17:07:07','管理员','l1234','登录',87,'成功'),('2016/10/20_17:09:15','客户','liufei','上传付款信息',88,'成功'),('2016/10/20_17:09:37','管理员','l1234','注销',89,'成功'),('2016/10/20_17:09:43','代理商财务','z1234','登录',90,'成功'),('2016/10/20_17:13:05','客户','denghang','微信上传付款信息',91,'成功'),('2016/10/20_17:13:07','客户','denghang','上传付款信息',92,'成功'),('2016/10/20_17:13:39','代理商财务','z1234','登录',93,'成功'),('2016/10/20_17:17:22','客户','denghang','上传付款信息',94,'成功'),('2016/10/20_18:33:27','代理商财务','l1234','登录',95,'失败'),('2016/10/20_18:33:31','代理商财务','l1234','登录',96,'失败'),('2016/10/20_18:33:32','代理商财务','l1234','登录',97,'失败'),('2016/10/20_20:16:13','客户',NULL,'微信上传付款信息',98,'失败'),('2016/10/20_20:19:22','客户',NULL,'微信上传付款信息',99,'失败'),('2016/10/20_20:19:37','客户',NULL,'微信上传付款信息',100,'失败'),('2016/10/26_12:27:52','代理商财务','z1234','登录',101,'失败'),('2016/10/26_12:28:00','代理商财务','z1234','登录',102,'成功'),('2016/10/26_12:28:06','代理商财务','z1234','注销',103,'成功'),('2016/10/26_12:28:08','代理商财务','z1234','登录',104,'成功'),('2016/10/26_12:28:11','代理商财务','z1234','进入对账流程',105,'成功'),('2016/10/26_12:28:14','代理商财务','z1234','进入对账流程',106,'成功'),('2016/10/26_12:28:27','代理商财务','z1234','注销',107,'成功'),('2016/10/26_12:28:36','管理员','l1234','登录',108,'成功'),('2016/10/26_12:29:04','管理员','l1234','注销',109,'成功'),('2016/10/26_12:30:54','代理商财务','z1234','登录',110,'成功'),('2016/10/26_12:30:56','代理商财务','z1234','进入对账流程',111,'成功'),('2016/10/26_12:31:08','代理商财务','z1234','导入货款表及出纳表',112,'成功'),('2016/10/26_12:32:04','代理商财务','z1234','执行对账',113,'失败'),('2016/10/26_12:33:35','代理商财务','z1234','注销',114,'成功'),('2016/10/27_10:01:28','代理商财务','z1234','登录',115,'失败'),('2016/10/27_10:01:37','代理商财务','z1234','登录',116,'成功'),('2016/10/27_10:01:41','代理商财务','z1234','进入对账流程',117,'成功'),('2016/10/27_10:01:45','代理商财务','z1234','注销',118,'成功'),('2016/10/27_10:01:47','代理商财务','z1234','登录',119,'成功'),('2016/10/27_10:01:49','代理商财务','z1234','进入对账流程',120,'成功'),('2016/10/27_10:02:44','代理商财务','z1234','导入货款表及出纳表',121,'成功'),('2016/10/27_10:03:06','代理商财务','z1234','执行对账',122,'失败'),('2016/10/27_10:03:20','代理商财务','z1234','注销',123,'成功'),('2016/10/27_10:03:24','管理员','l1234','登录',124,'成功'),('2016/10/27_10:09:01','管理员','l1234','注销',125,'成功'),('2016/10/27_10:09:10','代理商财务','z1234','登录',126,'成功'),('2016/10/27_10:09:12','代理商财务','z1234','进入对账流程',127,'成功'),('2016/10/27_10:09:18','代理商财务','z1234','进入对账流程',128,'成功'),('2016/10/27_10:11:47','代理商财务','z1234','注销',129,'成功'),('2016/10/27_10:11:57','管理员','l1234','登录',130,'成功'),('2016/10/27_10:12:08','管理员','l1234','注销',131,'成功'),('2016/10/27_10:15:18','代理商财务','z1234','登录',132,'成功'),('2016/10/27_10:15:20','代理商财务','z1234','进入对账流程',133,'成功'),('2016/10/27_10:15:28','代理商财务','z1234','注销',134,'成功'),('2016/10/27_10:15:42','管理员','l1234','登录',135,'成功'),('2016/10/27_10:17:38','管理员','l1234','注销',136,'成功'),('2016/10/27_10:17:39','代理商财务','z1234','登录',137,'成功'),('2016/10/27_10:17:43','代理商财务','z1234','注销',138,'成功'),('2016/10/27_10:19:40','代理商财务','z1234','登录',139,'成功'),('2016/10/27_10:19:42','代理商财务','z1234','进入对账流程',140,'成功'),('2016/10/27_10:19:54','代理商财务','z1234','导入货款表及出纳表',141,'成功'),('2016/10/27_10:20:01','代理商财务','z1234','注销',142,'成功'),('2016/10/27_10:20:05','管理员','l1234','登录',143,'成功'),('2016/10/27_10:20:25','管理员','l1234','注销',144,'成功'),('2016/10/27_17:06:35','代理商财务','z1234','登录',145,'成功'),('2016/10/27_17:06:39','代理商财务','z1234','进入对账流程',146,'成功'),('2016/10/27_17:06:42','代理商财务','z1234','注销',147,'成功'),('2016/10/27_17:06:43','代理商财务','z1234','登录',148,'成功'),('2016/10/27_17:06:45','代理商财务','z1234','进入对账流程',149,'成功'),('2016/10/27_17:06:48','代理商财务','z1234','注销',150,'成功'),('2016/10/27_17:06:53','管理员','l1234','登录',151,'成功'),('2016/10/27_17:06:59','管理员','l1234','注销',152,'成功'),('2016/10/28_08:21:51','代理商财务','z1234','登录',153,'成功'),('2016/10/28_08:22:12','代理商财务','z1234','进入对账流程',154,'成功'),('2016/10/28_08:22:28','代理商财务','z1234','注销',155,'成功'),('2016/10/28_12:56:57','管理员','l1234','登录',156,'成功'),('2016/10/28_13:09:07','管理员','l1234','登录',157,'成功'),('2016/10/28_13:09:41','管理员','l1234','注销',158,'成功'),('2016/10/28_13:09:42','管理员','l1234','登录',159,'成功'),('2016/10/29_09:01:53','代理商财务','z1234','登录',160,'成功'),('2016/10/29_11:25:02','代理商财务','z1234','登录',161,'成功'),('2016/10/29_11:30:43','代理商财务','z1234','登录',162,'成功'),('2016/10/29_11:31:32','代理商财务','z1234','进入对账流程',163,'成功'),('2016/10/29_11:31:42','代理商财务','z1234','注销',164,'成功'),('2016/10/29_12:48:11','代理商财务','z1234','登录',165,'成功'),('2016/10/29_12:49:53','代理商财务','z1234','注销',166,'成功'),('2016/10/29_12:49:54','代理商财务','z1234','登录',167,'成功'),('2016/10/29_12:52:06','代理商财务','z1234','注销',168,'成功'),('2016/10/29_12:52:20','代理商财务','z1234','登录',169,'成功'),('2016/10/29_12:54:02','代理商财务','z1234','注销',170,'成功'),('2016/10/30_09:06:09','代理商财务','z1234','登录',171,'失败'),('2016/10/30_14:47:22','代理商财务','z1234','登录',172,'成功'),('2016/10/30_14:48:06','代理商财务','z1234','进入对账流程',173,'成功'),('2016/10/30_14:48:15','代理商财务','z1234','注销',174,'成功'),('2016/10/30_14:48:15','代理商财务','z1234','登录',175,'成功'),('2016/10/30_14:48:17','代理商财务','z1234','进入对账流程',176,'成功'),('2016/10/30_14:48:23','代理商财务','z1234','进入对账流程',177,'成功'),('2016/10/30_14:48:29','代理商财务','z1234','注销',178,'成功'),('2016/10/30_14:48:31','代理商财务','z1234','登录',179,'成功'),('2016/10/30_14:48:32','代理商财务','z1234','进入对账流程',180,'成功'),('2016/10/30_14:48:43','代理商财务','z1234','导入货款表及出纳表',181,'成功'),('2016/10/30_14:49:44','代理商财务','z1234','注销',182,'成功'),('2016/10/30_14:49:46','代理商财务','z1234','登录',183,'成功'),('2016/10/30_14:49:47','代理商财务','z1234','进入对账流程',184,'成功'),('2016/10/30_14:50:03','代理商财务','z1234','进入对账流程',185,'成功'),('2016/10/30_14:50:06','代理商财务','z1234','进入对账流程',186,'成功'),('2016/10/30_14:50:12','代理商财务','z1234','注销',187,'成功'),('2016/10/30_14:50:16','管理员','l1234','登录',188,'成功'),('2016/10/30_14:55:06','管理员','l1234','注销',189,'成功'),('2016/10/30_14:55:10','代理商财务','z1234','登录',190,'成功'),('2016/10/30_14:55:16','代理商财务','z1234','进入对账流程',191,'成功'),('2016/10/30_14:55:20','代理商财务','z1234','进入对账流程',192,'成功'),('2016/10/30_14:55:30','代理商财务','z1234','注销',193,'成功'),('2016/10/30_14:55:31','代理商财务','z1234','登录',194,'成功'),('2016/10/30_14:55:41','代理商财务','z1234','进入对账流程',195,'成功'),('2016/10/30_14:56:17','代理商财务','z1234','执行对账',196,'成功'),('2016/10/30_14:56:18','代理商财务','z1234','导出对账结果',197,'成功'),('2016/10/30_14:56:28','代理商财务','z1234','进入对账流程',198,'成功'),('2016/10/30_14:56:34','代理商财务','z1234','执行对账',199,'成功'),('2016/10/30_14:56:35','代理商财务','z1234','导出对账结果',200,'成功'),('2016/10/30_14:56:44','代理商财务','z1234','注销',201,'成功'),('2016/10/30_15:48:50','代理商财务','z1234','登录',202,'成功'),('2016/10/30_15:49:01','代理商财务','z1234','进入对账流程',203,'成功'),('2016/10/30_15:49:07','代理商财务','z1234','注销',204,'成功'),('2016/10/30_15:49:10','代理商财务','z1234','登录',205,'成功'),('2016/10/30_15:49:13','代理商财务','z1234','注销',206,'成功'),('2016/10/30_15:49:18','管理员','l1234','登录',207,'成功'),('2016/10/30_17:07:23','管理员','l1234','注销',208,'成功'),('2016/10/30_17:07:24','管理员','l1234','登录',209,'成功'),('2016/10/30_17:10:44','管理员','l1234','注销',210,'成功'),('2016/10/30_17:10:45','管理员','l1234','登录',211,'成功'),('2016/10/30_17:14:54','管理员','l1234','注销',212,'成功'),('2016/10/30_17:14:54','管理员','l1234','登录',213,'成功'),('2016/10/30_20:06:44','管理员','l1234','注销',214,'成功'),('2016/10/30_20:06:45','管理员','l1234','登录',215,'成功'),('2016/10/30_20:21:51','管理员','l1234','注销',216,'成功'),('2016/10/30_20:21:52','管理员','l1234','登录',217,'成功'),('2016/10/30_20:38:03','管理员','l1234','注销',218,'成功'),('2016/10/30_20:38:04','管理员','l1234','登录',219,'成功'),('2016/10/30_20:42:50','管理员','l1234','注销',220,'成功'),('2016/10/30_20:42:51','管理员','l1234','登录',221,'成功'),('2016/10/30_20:47:03','管理员','l1234','注销',222,'成功'),('2016/10/30_20:47:04','管理员','l1234','登录',223,'成功'),('2016/10/30_21:24:01','管理员','l1234','注销',224,'成功'),('2016/10/30_21:26:03','代理商财务','z1234','登录',225,'成功'),('2016/10/30_21:26:10','代理商财务','z1234','注销',226,'成功'),('2016/10/30_21:26:14','管理员','l1234','登录',227,'成功'),('2016/10/31_03:05:23','管理员','m','登录',228,'失败'),('2016/10/31_03:05:33','管理员','z1234','登录',229,'失败'),('2016/10/31_03:05:34','管理员','z1234','登录',230,'失败'),('2016/10/31_03:05:39','管理员','z1234','登录',231,'失败'),('2016/10/31_03:05:45','管理员','m1234','登录',232,'失败'),('2016/10/31_03:05:50','管理员','z1234','登录',233,'失败'),('2016/10/31_03:05:53','管理员','z1234','登录',234,'失败'),('2016/10/31_03:05:53','管理员','z1234','登录',235,'失败'),('2016/10/31_03:05:54','管理员','z1234','登录',236,'失败'),('2016/10/31_03:05:54','管理员','z1234','登录',237,'失败'),('2016/10/31_03:05:59','管理员','z1234','登录',238,'失败'),('2016/10/31_07:48:16','代理商财务','z1234','登录',239,'成功'),('2016/10/31_07:55:20','代理商财务','z1234','注销',240,'成功'),('2016/10/31_07:55:21','代理商财务','z1234','登录',241,'成功'),('2016/10/31_08:27:07','代理商财务','z1234','注销',242,'成功'),('2016/10/31_08:27:08','管理员','l1234','登录',243,'成功'),('2016/10/31_08:27:33','管理员','l1234','注销',244,'成功'),('2016/10/31_08:27:46','管理员','l1234','登录',245,'成功'),('2016/10/31_08:28:21','管理员','l1234','登录',246,'成功'),('2016/11/01_08:56:38','管理员','l1234','注销',247,'成功'),('2016/11/01_08:56:38','代理商财务','z1234','登录',248,'成功'),('2016/11/01_08:56:40','代理商财务','z1234','进入对账流程',249,'成功'),('2016/11/01_09:07:07','代理商财务','z1234','注销',250,'成功'),('2016/11/01_09:07:07','代理商财务','z1234','登录',251,'成功'),('2016/11/01_09:07:09','代理商财务','z1234','进入对账流程',252,'成功'),('2016/11/01_09:07:18','代理商财务','z1234','导入货款表及出纳表',253,'成功'),('2016/11/01_09:07:24','代理商财务','z1234','执行对账',254,'成功'),('2016/11/01_09:07:29','代理商财务','z1234','导出对账结果',255,'成功'),('2016/11/01_14:57:35','代理商财务','z1234','登录',256,'成功'),('2016/11/01_14:57:43','代理商财务','z1234','注销',257,'成功'),('2016/11/02_07:49:13','代理商财务','z1234','登录',258,'成功'),('2016/11/02_07:50:11','代理商财务','z1234','进入对账流程',259,'成功'),('2016/11/02_07:50:17','代理商财务','z1234','进入对账流程',260,'成功'),('2016/11/02_07:50:50','代理商财务','z1234','登录',261,'成功'),('2016/11/02_07:50:53','代理商财务','z1234','进入对账流程',262,'成功'),('2016/11/02_07:51:01','代理商财务','z1234','进入对账流程',263,'成功'),('2016/11/02_07:55:57','代理商财务','z1234','注销',264,'成功'),('2016/11/02_07:56:06','管理员','l1234','登录',265,'成功'),('2016/11/02_07:56:58','管理员','l1234','注销',266,'成功'),('2016/11/02_07:57:00','管理员','l1234','登录',267,'成功'),('2016/11/02_18:03:50','代理商财务','z1234','登录',268,'成功'),('2016/11/02_18:03:53','代理商财务','z1234','进入对账流程',269,'成功'),('2016/11/02_18:03:59','代理商财务','z1234','注销',270,'成功'),('2016/11/03_09:15:29','代理商财务','z1234','登录',271,'成功'),('2016/11/03_09:15:36','代理商财务','z1234','进入对账流程',272,'成功'),('2016/11/03_09:15:42','代理商财务','z1234','注销',273,'成功'),('2016/11/03_10:05:41','代理商财务','z1234','登录',274,'成功'),('2016/11/03_10:06:48','代理商财务','z1234','进入对账流程',275,'成功'),('2016/11/03_10:07:02','代理商财务','z1234','执行对账',276,'成功'),('2016/11/03_10:09:31','代理商财务','z1234','导入货款表及出纳表',277,'成功'),('2016/11/03_10:09:40','代理商财务','z1234','执行对账',278,'成功'),('2016/11/03_10:12:53','代理商财务','z1234','注销',279,'成功'),('2016/11/03_10:12:55','代理商财务','z1234','登录',280,'成功'),('2016/11/03_10:14:40','代理商财务','z1234','注销',281,'成功'),('2016/11/03_10:14:41','代理商财务','z1234','登录',282,'成功'),('2016/11/03_10:15:01','代理商财务','z1234','进入对账流程',283,'成功'),('2016/11/03_10:15:18','代理商财务','z1234','执行对账',284,'成功'),('2016/11/03_10:16:05','代理商财务','z1234','进入对账流程',285,'成功'),('2016/11/03_10:16:13','代理商财务','z1234','导入货款表及出纳表',286,'成功'),('2016/11/03_10:16:29','代理商财务','z1234','执行对账',287,'成功'),('2016/11/03_10:16:56','代理商财务','z1234','导入货款表及出纳表',288,'成功'),('2016/11/03_10:17:30','代理商财务','z1234','执行对账',289,'成功'),('2016/11/03_10:17:49','代理商财务','z1234','进入对账流程',290,'成功'),('2016/11/03_10:17:52','代理商财务','z1234','进入对账流程',291,'成功'),('2016/11/03_10:21:05','代理商财务','z1234','注销',292,'成功'),('2016/11/03_10:21:19','管理员','l1234','登录',293,'成功'),('2016/11/03_10:21:49','管理员','l1234','注销',294,'成功'),('2016/11/03_10:21:57','代理商财务','z1234','登录',295,'成功'),('2016/11/03_10:23:22','代理商财务','z1234','注销',296,'成功'),('2016/11/03_10:23:24','代理商财务','z1234','登录',297,'成功'),('2016/11/03_10:23:28','代理商财务','z1234','进入对账流程',298,'成功'),('2016/11/03_10:23:34','代理商财务','z1234','执行对账',299,'成功'),('2016/11/03_11:05:07','代理商财务','z1234','登录',300,'成功'),('2016/11/03_11:05:19','代理商财务','z1234','进入对账流程',301,'成功'),('2016/11/03_11:05:27','代理商财务','z1234','执行对账',302,'成功'),('2016/11/03_11:05:54','代理商财务','z1234','注销',303,'成功'),('2016/11/03_11:07:04','代理商财务','z1234','登录',304,'成功'),('2016/11/03_11:07:18','代理商财务','z1234','进入对账流程',305,'成功'),('2016/11/03_11:07:26','代理商财务','z1234','执行对账',306,'成功'),('2016/11/03_11:08:10','代理商财务','z1234','取消并重新对账',307,'成功'),('2016/11/03_11:08:24','代理商财务','z1234','执行对账',308,'成功'),('2016/11/03_23:32:02','代理商财务','z1234','注销',309,'成功'),('2016/11/03_23:32:04','代理商财务','z1234','登录',310,'成功'),('2016/11/03_23:32:07','代理商财务','z1234','进入对账流程',311,'成功'),('2016/11/03_23:32:11','代理商财务','z1234','执行对账',312,'成功'),('2016/11/03_23:32:25','代理商财务','z1234','注销',313,'成功'),('2016/11/03_23:32:26','管理员','l1234','登录',314,'成功'),('2016/11/03_23:32:32','管理员','l1234','注销',315,'成功'),('2016/11/04_07:51:48','代理商财务','z1234','登录',316,'成功'),('2016/11/04_07:51:58','代理商财务','z1234','注销',317,'成功'),('2016/11/04_07:52:05','管理员','l1234','登录',318,'成功'),('2016/11/06_09:00:59','管理员','l1234','登录',319,'成功'),('2016/11/06_09:02:06','管理员','l1234','注销',320,'成功'),('2016/11/08_09:41:10','代理商财务','z1234','登录',321,'成功'),('2016/11/08_09:41:19','代理商财务','z1234','进入对账流程',322,'成功'),('2016/11/08_09:41:31','代理商财务','z1234','执行对账',323,'成功'),('2016/11/08_09:41:36','代理商财务','z1234','注销',324,'成功'),('2016/11/08_09:45:53','管理员','l1234','登录',325,'成功'),('2016/11/08_09:51:39','管理员','l1234','注销',326,'成功'),('2016/11/08_09:51:44','代理商财务','z1234','登录',327,'成功'),('2016/11/08_09:51:46','代理商财务','z1234','进入对账流程',328,'成功'),('2016/11/08_09:51:50','代理商财务','z1234','执行对账',329,'成功'),('2016/11/08_18:51:15','代理商财务','z1234','登录',330,'成功'),('2016/11/08_18:51:24','代理商财务','z1234','进入对账流程',331,'成功'),('2016/11/08_18:51:31','代理商财务','z1234','执行对账',332,'成功'),('2016/11/08_18:51:33','代理商财务','z1234','导出对账结果',333,'成功'),('2016/11/08_18:52:00','代理商财务','z1234','执行对账',334,'成功'),('2016/11/08_18:52:01','代理商财务','z1234','导出对账结果',335,'成功'),('2016/11/08_19:01:09','代理商财务','z1234','注销',336,'成功'),('2016/11/08_19:01:11','代理商财务','z1234','登录',337,'成功'),('2016/11/08_19:01:14','代理商财务','z1234','进入对账流程',338,'成功'),('2016/11/08_19:01:36','代理商财务','z1234','导入货款表及出纳表',339,'成功'),('2016/11/08_19:01:43','代理商财务','z1234','执行对账',340,'成功'),('2016/11/08_19:01:44','代理商财务','z1234','导出对账结果',341,'成功'),('2016/11/08_19:02:04','代理商财务','z1234','取消并重新对账',342,'成功'),('2016/11/08_19:02:28','代理商财务','z1234','执行对账',343,'成功'),('2016/11/08_19:02:29','代理商财务','z1234','导出对账结果',344,'成功'),('2016/11/08_19:12:20','代理商财务','z1234','导入货款表及出纳表',345,'成功'),('2016/11/08_19:12:25','代理商财务','z1234','执行对账',346,'成功'),('2016/11/08_19:12:26','代理商财务','z1234','导出对账结果',347,'成功'),('2016/11/08_19:12:40','代理商财务','z1234','取消并重新对账',348,'成功'),('2016/11/08_19:12:46','代理商财务','z1234','注销',349,'成功'),('2016/11/08_19:12:48','代理商财务','z1234','登录',350,'成功'),('2016/11/08_19:12:50','代理商财务','z1234','进入对账流程',351,'成功'),('2016/11/08_19:12:59','代理商财务','z1234','执行对账',352,'成功'),('2016/11/08_19:13:00','代理商财务','z1234','导出对账结果',353,'成功'),('2016/11/08_19:14:52','管理员','l1234','登录',354,'成功'),('2016/11/08_19:15:55','管理员','l1234','注销',355,'成功'),('2016/11/08_19:16:00','管理员','l1234','注销',356,'成功'),('2016/11/09_08:28:47','代理商财务','z1234','登录',357,'成功'),('2016/11/09_08:28:50','代理商财务','z1234','进入对账流程',358,'成功'),('2016/11/09_08:28:55','代理商财务','z1234','执行对账',359,'成功'),('2016/11/09_08:28:56','代理商财务','z1234','导出对账结果',360,'成功'),('2016/11/09_08:38:14','代理商财务','z1234','注销',361,'成功'),('2016/11/09_08:38:21','管理员','l1234','登录',362,'成功'),('2016/11/09_09:31:27','客户','denghang','上传付款信息',363,'成功'),('2016/11/09_09:31:41','管理员','l1234','注销',364,'成功'),('2016/11/09_09:31:45','代理商财务','z1234','登录',365,'成功'),('2016/11/09_09:37:01','客户','denghang','上传付款信息',366,'成功'),('2016/11/09_09:37:05','代理商财务','z1234','登录',367,'成功'),('2016/11/09_09:40:59','客户','dengfa','上传付款信息',368,'成功'),('2016/11/09_09:41:15','代理商财务','z1234','登录',369,'成功'),('2016/11/09_09:46:05','客户','liufei','上传付款信息',370,'成功'),('2016/11/09_09:46:29','代理商财务','z1234','登录',371,'成功'),('2016/11/09_09:48:18','代理商财务','z1234','注销',372,'成功'),('2016/11/09_09:48:23','代理商财务','liusan','登录',373,'失败'),('2016/11/09_09:48:54','代理商财务','z1234','登录',374,'成功'),('2016/11/09_09:50:33','客户','liusan','上传付款信息',375,'成功'),('2016/11/09_09:50:40','代理商财务','z1234','登录',376,'成功'),('2016/11/09_09:53:45','代理商财务','z1234','登录',377,'成功'),('2016/11/09_09:55:29','代理商财务','z1234','进入对账流程',378,'成功'),('2016/11/09_09:55:38','代理商财务','z1234','导入货款表及出纳表',379,'成功'),('2016/11/09_09:57:52','代理商财务','z1234','执行对账',380,'成功'),('2016/11/09_09:57:53','代理商财务','z1234','导出对账结果',381,'成功'),('2016/11/09_10:14:37','代理商财务','z1234','登录',382,'成功'),('2016/11/09_10:25:28','代理商财务','z1234','注销',383,'成功'),('2016/11/09_10:25:30','代理商财务','z1234','登录',384,'成功'),('2016/11/09_10:25:33','代理商财务','z1234','进入对账流程',385,'成功'),('2016/11/09_10:25:42','代理商财务','z1234','导入货款表及出纳表',386,'成功'),('2016/11/09_10:25:51','代理商财务','z1234','执行对账',387,'失败'),('2016/11/09_10:26:37','代理商财务','z1234','执行对账',388,'成功'),('2016/11/09_10:26:38','代理商财务','z1234','导出对账结果',389,'成功'),('2016/11/09_10:27:10','代理商财务','z1234','取消并重新对账',390,'成功'),('2016/11/09_10:27:15','代理商财务','z1234','注销',391,'成功'),('2016/11/09_10:27:17','代理商财务','z1234','登录',392,'成功'),('2016/11/09_10:27:18','代理商财务','z1234','进入对账流程',393,'成功'),('2016/11/09_10:27:22','代理商财务','z1234','执行对账',394,'成功'),('2016/11/09_10:27:23','代理商财务','z1234','导出对账结果',395,'成功'),('2016/11/09_10:27:37','代理商财务','z1234','注销',396,'成功'),('2016/11/09_10:28:26','代理商财务','z1234','登录',397,'成功'),('2016/11/09_10:29:42','代理商财务','z1234','进入对账流程',398,'成功'),('2016/11/09_10:29:52','代理商财务','z1234','导入货款表及出纳表',399,'成功'),('2016/11/09_10:30:31','代理商财务','z1234','执行对账',400,'成功'),('2016/11/09_10:30:32','代理商财务','z1234','导出对账结果',401,'成功'),('2016/11/09_10:33:28','代理商财务','z1234','执行对账',402,'成功'),('2016/11/09_10:33:29','代理商财务','z1234','导出对账结果',403,'成功'),('2016/11/09_10:34:08','代理商财务','z1234','注销',404,'成功'),('2016/11/09_10:34:09','代理商财务','z1234','登录',405,'成功'),('2016/11/09_10:34:12','代理商财务','z1234','进入对账流程',406,'成功'),('2016/11/09_10:35:14','代理商财务','z1234','执行对账',407,'成功'),('2016/11/09_10:35:15','代理商财务','z1234','导出对账结果',408,'成功'),('2016/11/09_10:37:05','代理商财务','z1234','注销',409,'成功'),('2016/11/09_10:37:10','代理商财务','z1234','登录',410,'成功'),('2016/11/09_10:37:12','代理商财务','z1234','进入对账流程',411,'成功'),('2016/11/09_10:37:15','代理商财务','z1234','执行对账',412,'成功'),('2016/11/09_10:37:16','代理商财务','z1234','导出对账结果',413,'成功'),('2016/11/09_10:40:31','客户','liusan','上传付款信息',414,'成功'),('2016/11/09_10:40:38','代理商财务','z1234','注销',415,'成功'),('2016/11/09_10:40:40','代理商财务','z1234','登录',416,'成功'),('2016/11/09_10:40:46','代理商财务','z1234','进入对账流程',417,'成功'),('2016/11/09_10:41:10','代理商财务','z1234','执行对账',418,'成功'),('2016/11/09_10:41:11','代理商财务','z1234','导出对账结果',419,'成功'),('2016/11/09_10:41:46','代理商财务','z1234','注销',420,'成功'),('2016/11/09_10:44:27','代理商财务','z1234','登录',421,'成功'),('2016/11/09_10:45:38','代理商财务','z1234','登录',422,'成功'),('2016/11/09_10:46:00','代理商财务','z1234','进入对账流程',423,'成功'),('2016/11/09_10:46:09','代理商财务','z1234','导入货款表及出纳表',424,'成功'),('2016/11/09_10:46:59','代理商财务','z1234','执行对账',425,'成功'),('2016/11/09_10:47:00','代理商财务','z1234','导出对账结果',426,'成功'),('2016/11/09_10:49:10','客户','liusan','上传付款信息',427,'成功'),('2016/11/09_10:49:17','代理商财务','z1234','登录',428,'成功'),('2016/11/09_10:49:21','代理商财务','z1234','进入对账流程',429,'成功'),('2016/11/09_10:49:34','代理商财务','z1234','执行对账',430,'成功'),('2016/11/09_10:49:35','代理商财务','z1234','导出对账结果',431,'成功'),('2016/11/09_10:53:47','代理商财务','z1234','注销',432,'成功'),('2016/11/09_10:54:43','代理商财务','z1234','登录',433,'成功'),('2016/11/09_10:55:44','代理商财务','z1234','注销',434,'成功'),('2016/11/09_10:55:49','代理商财务','w1234','登录',435,'成功'),('2016/11/09_10:59:12','代理商财务','w1234','注销',436,'成功'),('2016/11/09_10:59:20','代理商财务','z1234','登录',437,'成功'),('2016/11/09_10:59:23','代理商财务','z1234','注销',438,'成功'),('2016/11/09_10:59:28','代理商财务','w1234','登录',439,'成功'),('2016/11/09_10:59:31','代理商财务','w1234','进入对账流程',440,'成功'),('2016/11/09_10:59:39','代理商财务','w1234','导入货款表及出纳表',441,'成功'),('2016/11/09_10:59:42','代理商财务','w1234','执行对账',442,'成功'),('2016/11/09_10:59:43','代理商财务','w1234','导出对账结果',443,'成功'),('2016/11/09_11:00:08','代理商财务','w1234','注销',444,'成功'),('2016/11/09_11:00:12','代理商财务','z1234','登录',445,'成功'),('2016/11/09_11:00:18','代理商财务','z1234','进入对账流程',446,'成功'),('2016/11/09_11:00:39','代理商财务','z1234','导入货款表及出纳表',447,'成功'),('2016/11/09_11:01:24','代理商财务','z1234','执行对账',448,'成功'),('2016/11/09_11:01:25','代理商财务','z1234','导出对账结果',449,'成功'),('2016/11/09_11:02:15','代理商财务','z1234','注销',450,'成功'),('2016/11/09_11:02:17','代理商财务','w1234','登录',451,'成功'),('2016/11/09_11:02:19','代理商财务','w1234','进入对账流程',452,'成功'),('2016/11/09_11:02:23','代理商财务','w1234','执行对账',453,'成功'),('2016/11/09_11:02:24','代理商财务','w1234','导出对账结果',454,'成功'),('2016/11/09_11:02:30','代理商财务','w1234','注销',455,'成功'),('2016/11/09_11:02:34','代理商财务','z1234','登录',456,'成功'),('2016/11/09_11:02:37','代理商财务','z1234','进入对账流程',457,'成功'),('2016/11/09_11:02:41','代理商财务','z1234','执行对账',458,'成功'),('2016/11/09_11:02:42','代理商财务','z1234','导出对账结果',459,'成功'),('2016/11/09_11:02:45','代理商财务','z1234','注销',460,'成功'),('2016/11/09_11:27:26','代理商财务','z1234','登录',461,'成功'),('2016/11/09_11:30:18','代理商财务','z1234','注销',462,'成功'),('2016/11/09_11:30:20','代理商财务','z1234','登录',463,'成功'),('2016/11/09_11:30:23','代理商财务','z1234','注销',464,'成功'),('2016/11/09_12:07:18','代理商财务','z1234','登录',465,'成功'),('2016/11/09_12:07:36','代理商财务','z1234','注销',466,'成功'),('2016/11/09_12:07:52','管理员','l1234','登录',467,'成功'),('2016/11/09_12:08:48','管理员','l1234','注销',468,'成功'),('2016/11/09_12:22:00','代理商财务','z1234','登录',469,'成功'),('2016/11/09_12:22:19','代理商财务','z1234','注销',470,'成功'),('2016/11/09_12:22:28','代理商财务','w1234','登录',471,'成功'),('2016/11/09_12:28:52','代理商财务','w1234','登录',472,'成功'),('2016/11/09_12:29:16','代理商财务','w1234','注销',473,'成功'),('2016/11/09_12:29:20','代理商财务','z1234','登录',474,'成功'),('2016/11/09_12:29:29','代理商财务','z1234','注销',475,'成功'),('2016/11/09_12:29:34','管理员','l1234','登录',476,'成功'),('2016/11/09_12:29:52','管理员','l1234','注销',477,'成功'),('2016/11/09_12:46:15','代理商财务','z1234','登录',478,'成功'),('2016/11/09_12:47:24','代理商财务','z1234','注销',479,'成功'),('2016/11/09_13:27:01','代理商财务','z1234','登录',480,'成功'),('2016/11/09_13:27:07','代理商财务','z1234','进入对账流程',481,'成功'),('2016/11/09_13:27:07','代理商财务','z1234','进入对账流程',482,'成功'),('2016/11/09_13:27:11','代理商财务','z1234','进入对账流程',483,'成功'),('2016/11/09_13:44:52','代理商财务','z1234','登录',484,'成功'),('2016/11/09_13:44:54','代理商财务','z1234','进入对账流程',485,'成功'),('2016/11/09_13:44:59','代理商财务','z1234','进入对账流程',486,'成功'),('2016/11/09_14:27:47','代理商财务','z1234','注销',487,'成功'),('2016/11/09_14:27:57','管理员','l1234','登录',488,'成功'),('2016/11/09_14:28:29','管理员','l1234','注销',489,'成功'),('2016/11/09_14:28:38','代理商财务','z1234','登录',490,'成功'),('2016/11/09_14:28:40','代理商财务','z1234','进入对账流程',491,'成功'),('2016/11/09_14:30:13','代理商财务','z1234','注销',492,'成功'),('2016/11/09_14:30:15','代理商财务','z1234','登录',493,'成功'),('2016/11/09_14:30:18','代理商财务','z1234','进入对账流程',494,'成功'),('2016/11/09_14:31:46','代理商财务','z1234','登录',495,'成功'),('2016/11/09_14:31:51','代理商财务','z1234','进入对账流程',496,'成功'),('2016/11/09_14:35:03','代理商财务','z1234','注销',497,'成功'),('2016/11/09_14:35:32','代理商财务','w1234','登录',498,'成功'),('2016/11/09_14:35:34','代理商财务','w1234','进入对账流程',499,'成功'),('2016/11/09_14:37:16','代理商财务','z1234','登录',500,'成功'),('2016/11/09_14:37:26','代理商财务','z1234','进入对账流程',501,'成功'),('2016/11/09_14:37:48','代理商财务','z1234','导入货款表及出纳表',502,'成功'),('2016/11/09_14:40:10','代理商财务','z1234','注销',503,'成功'),('2016/11/09_14:43:04','代理商财务','w1234','注销',504,'成功'),('2016/11/09_14:43:12','代理商财务','z1234','登录',505,'成功'),('2016/11/09_14:43:14','代理商财务','z1234','进入对账流程',506,'成功'),('2016/11/09_14:43:42','代理商财务','z1234','注销',507,'成功'),('2016/11/09_14:43:44','代理商财务','z1234','登录',508,'成功'),('2016/11/09_14:43:56','代理商财务','z1234','进入对账流程',509,'成功'),('2016/11/09_14:45:24','代理商财务','z1234','注销',510,'成功'),('2016/11/09_14:45:25','代理商财务','z1234','登录',511,'成功'),('2016/11/09_14:45:34','代理商财务','z1234','进入对账流程',512,'成功'),('2016/11/09_14:45:40','代理商财务','z1234','注销',513,'成功'),('2016/11/09_14:45:43','代理商财务','z1234','登录',514,'成功'),('2016/11/09_14:45:49','代理商财务','z1234','注销',515,'成功'),('2016/11/09_14:45:50','代理商财务','z1234','登录',516,'成功'),('2016/11/09_14:45:53','代理商财务','z1234','进入对账流程',517,'成功'),('2016/11/09_14:56:16','代理商财务','z1234','注销',518,'成功'),('2016/11/09_15:33:26','代理商财务','z1234','登录',519,'成功'),('2016/11/09_15:33:46','代理商财务','z1234','进入对账流程',520,'成功'),('2016/11/09_16:05:25','代理商财务','z1234','执行对账',521,'成功'),('2016/11/09_16:05:26','代理商财务','z1234','导出对账结果',522,'成功'),('2016/11/09_16:08:58','代理商财务','z1234','取消并重新对账',523,'成功'),('2016/11/09_16:09:35','代理商财务','z1234','执行对账',524,'成功'),('2016/11/09_16:09:36','代理商财务','z1234','导出对账结果',525,'成功'),('2016/11/09_16:11:03','代理商财务','z1234','执行对账',526,'成功'),('2016/11/09_16:11:04','代理商财务','z1234','导出对账结果',527,'成功'),('2016/11/09_16:11:11','代理商财务','z1234','注销',528,'成功'),('2016/11/09_16:11:12','代理商财务','z1234','登录',529,'成功'),('2016/11/09_16:11:14','代理商财务','z1234','进入对账流程',530,'成功'),('2016/11/10_10:21:52','代理商财务','z1234','登录',531,'成功'),('2016/11/10_10:35:26','代理商财务','z1234','登录',532,'成功'),('2016/11/10_10:35:38','代理商财务','z1234','进入对账流程',533,'成功'),('2016/11/10_10:36:10','代理商财务','z1234','注销',534,'成功'),('2016/11/10_10:36:33','代理商财务','z1234','进入对账流程',535,'成功'),('2016/11/10_10:36:39','代理商财务','z1234','进入对账流程',536,'成功'),('2016/11/10_10:46:47','代理商财务','z1234','进入对账流程',537,'成功'),('2016/11/10_10:46:51','代理商财务','z1234','执行对账',538,'成功'),('2016/11/10_10:46:52','代理商财务','z1234','导出对账结果',539,'成功'),('2016/11/10_10:49:34','代理商财务','z1234','进入对账流程',540,'成功'),('2016/11/10_10:49:37','代理商财务','z1234','进入对账流程',541,'成功'),('2016/11/10_10:53:48','代理商财务','z1234','登录',542,'成功'),('2016/11/10_10:53:50','代理商财务','z1234','进入对账流程',543,'成功'),('2016/11/10_11:05:56','代理商财务','z1234','注销',544,'成功'),('2016/11/10_11:05:57','代理商财务','z1234','登录',545,'成功'),('2016/11/10_11:06:03','代理商财务','z1234','进入对账流程',546,'成功'),('2016/11/10_11:06:12','代理商财务','z1234','导入货款表及出纳表',547,'成功'),('2016/11/10_11:06:36','代理商财务','z1234','注销',548,'成功'),('2016/11/10_11:20:15','管理员','l1234','登录',549,'成功'),('2016/11/10_11:21:22','管理员','l1234','注销',550,'成功'),('2016/11/10_11:21:25','管理员','l1234','登录',551,'成功'),('2016/11/10_11:21:40','管理员','l1234','注销',552,'成功'),('2016/11/10_11:38:46','代理商财务','z1234','进入对账流程',553,'成功'),('2016/11/10_11:39:01','代理商财务','z1234','登录',554,'成功'),('2016/11/10_11:39:03','代理商财务','z1234','进入对账流程',555,'成功'),('2016/11/10_11:39:45','代理商财务','z1234','进入对账流程',556,'成功'),('2016/11/10_11:40:31','代理商财务','z1234','进入对账流程',557,'成功'),('2016/11/10_11:41:35','代理商财务','z1234','进入对账流程',558,'成功'),('2016/11/10_12:16:23','代理商财务','z1234','登录',559,'成功'),('2016/11/10_12:16:28','代理商财务','z1234','进入对账流程',560,'成功'),('2016/11/10_12:16:31','代理商财务','z1234','进入对账流程',561,'成功'),('2016/11/10_12:16:37','代理商财务','z1234','注销',562,'成功'),('2016/11/10_14:01:21','代理商财务','z1234','进入对账流程',563,'成功'),('2016/11/10_14:01:24','代理商财务','z1234','进入对账流程',564,'成功'),('2016/11/10_14:02:30','代理商财务','z1234','执行对账',565,'失败'),('2016/11/10_14:02:37','代理商财务','z1234','执行对账',566,'失败'),('2016/11/10_14:02:53','代理商财务','z1234','进入对账流程',567,'成功'),('2016/11/10_14:03:05','代理商财务','z1234','进入对账流程',568,'成功'),('2016/11/10_14:03:06','代理商财务','z1234','进入对账流程',569,'成功'),('2016/11/10_14:04:22','代理商财务','z1234','进入对账流程',570,'成功'),('2016/11/10_14:04:22','代理商财务','z1234','进入对账流程',571,'成功'),('2016/11/10_14:04:27','代理商财务','z1234','登录',572,'成功'),('2016/11/10_14:04:29','代理商财务','z1234','进入对账流程',573,'成功'),('2016/11/10_14:04:43','代理商财务','z1234','进入对账流程',574,'成功'),('2016/11/10_14:05:18','代理商财务','z1234','进入对账流程',575,'成功'),('2016/11/10_14:07:31','代理商财务','z1234','进入对账流程',576,'成功'),('2016/11/10_14:07:35','代理商财务','z1234','进入对账流程',577,'成功'),('2016/11/10_14:07:39','代理商财务','z1234','进入对账流程',578,'成功'),('2016/11/10_14:07:40','代理商财务','z1234','进入对账流程',579,'成功'),('2016/11/10_14:08:06','代理商财务','z1234','进入对账流程',580,'成功'),('2016/11/10_14:14:58','代理商财务','z1234','登录',581,'成功'),('2016/11/10_14:18:15','代理商财务','z1234','注销',582,'成功'),('2016/11/10_14:20:08','代理商财务','z1234','登录',583,'成功'),('2016/11/10_14:20:14','代理商财务','z1234','注销',584,'成功'),('2016/11/10_14:20:15','代理商财务','z1234','登录',585,'成功'),('2016/11/10_14:20:38','代理商财务','z1234','进入对账流程',586,'成功'),('2016/11/10_14:20:49','代理商财务','z1234','执行对账',587,'失败'),('2016/11/10_14:21:16','代理商财务','z1234','登录',588,'成功'),('2016/11/10_14:21:18','代理商财务','z1234','进入对账流程',589,'成功'),('2016/11/10_14:21:18','代理商财务','z1234','进入对账流程',590,'成功'),('2016/11/10_14:24:53','代理商财务','z1234','进入对账流程',591,'成功'),('2016/11/10_14:24:57','代理商财务','z1234','进入对账流程',592,'成功'),('2016/11/10_14:24:58','代理商财务','z1234','进入对账流程',593,'成功'),('2016/11/10_14:25:58','代理商财务','z1234','注销',594,'成功'),('2016/11/10_14:26:10','代理商财务','l1234','登录',595,'失败'),('2016/11/10_14:26:13','代理商财务','l1234','登录',596,'失败'),('2016/11/10_14:26:22','代理商财务','l1234','登录',597,'失败'),('2016/11/10_14:44:37','代理商财务','l1234','登录',598,'失败'),('2016/11/10_14:44:41','代理商财务','z1234','登录',599,'成功'),('2016/11/10_15:08:13','代理商财务','l1234','登录',600,'失败'),('2016/11/10_15:08:17','代理商财务','l1234','登录',601,'失败'),('2016/11/10_15:08:35','管理员','l1234','登录',602,'失败'),('2016/11/10_15:08:36','管理员','l1234','登录',603,'失败'),('2016/11/10_15:08:39','管理员','l1234','登录',604,'成功'),('2016/11/10_15:15:53','管理员','l1234','注销',605,'成功'),('2016/11/10_15:15:57','管理员','z1234','登录',606,'失败'),('2016/11/10_15:15:59','代理商财务','z1234','登录',607,'成功'),('2016/11/10_15:16:01','代理商财务','z1234','进入对账流程',608,'成功'),('2016/11/10_15:16:13','代理商财务','z1234','进入对账流程',609,'成功'),('2016/11/10_15:16:28','代理商财务','z1234','进入对账流程',610,'成功'),('2016/11/10_15:24:54','代理商财务','z1234','进入对账流程',611,'成功'),('2016/11/10_15:28:06','代理商财务','z1234','注销',612,'成功'),('2016/11/10_15:28:10','管理员','11234','登录',613,'失败'),('2016/11/10_15:28:14','管理员','11234','登录',614,'失败'),('2016/11/10_15:28:22','管理员','l1234','登录',615,'成功'),('2016/11/10_15:41:47','管理员','l1234','登录',616,'成功'),('2016/11/10_15:42:50','管理员','l1234','注销',617,'成功'),('2016/11/10_15:43:55','管理员','l1234','登录',618,'成功'),('2016/11/10_15:47:35','管理员','l1234','注销',619,'成功'),('2016/11/10_15:47:37','管理员','l1234','登录',620,'成功'),('2016/11/10_15:47:52','管理员','l1234','注销',621,'成功'),('2016/11/10_16:38:50','客户','denghang','上传付款信息',622,'成功'),('2016/11/10_18:18:46','管理员','l1234','登录',623,'成功'),('2016/11/10_18:20:35','管理员','l1234','注销',624,'成功'),('2016/11/10_18:20:41','代理商财务','z1234','登录',625,'成功'),('2016/11/10_18:20:44','代理商财务','z1234','进入对账流程',626,'成功'),('2016/11/10_18:21:00','代理商财务','z1234','执行对账',627,'失败'),('2016/11/10_19:41:31','代理商财务','z1234','注销',628,'成功'),('2016/11/10_19:41:33','代理商财务','z1234','登录',629,'成功'),('2016/11/10_19:41:36','代理商财务','z1234','注销',630,'成功'),('2016/11/10_23:44:23','管理员','l1234','登录',631,'成功'),('2016/11/11_08:04:50','代理商财务','l1234','登录',632,'失败'),('2016/11/11_08:04:56','代理商财务','z1234','登录',633,'成功'),('2016/11/11_08:06:31','代理商财务','z1234','注销',634,'成功'),('2016/11/11_10:23:41','代理商财务','zhangyr10','登录',635,'失败'),('2016/11/11_10:55:47','管理员','l1234','登录',636,'成功'),('2016/11/11_11:27:14','代理商财务','z1234','登录',637,'成功'),('2016/11/11_11:31:05','代理商财务','z1234','进入对账流程',638,'成功'),('2016/11/11_11:31:29','代理商财务','z1234','执行对账',639,'成功'),('2016/11/11_11:31:30','代理商财务','z1234','导出对账结果',640,'成功'),('2016/11/11_11:33:21','代理商财务','z1234','注销',641,'成功'),('2016/11/11_11:33:22','代理商财务','z1234','登录',642,'成功'),('2016/11/11_12:02:33','代理商财务','z1234','登录',643,'成功'),('2016/11/11_12:30:33','代理商财务','z1234','登录',644,'成功'),('2016/11/11_12:40:40','代理商财务','z1234','登录',645,'成功'),('2016/11/11_12:45:28','代理商财务','z1234','登录',646,'成功'),('2016/11/11_12:46:45','代理商财务','z1234','执行对账',647,'成功'),('2016/11/11_12:46:46','代理商财务','z1234','导出对账结果',648,'成功'),('2016/11/11_12:47:23','代理商财务','z1234','进入对账流程',649,'成功'),('2016/11/11_12:47:34','代理商财务','z1234','执行对账',650,'成功'),('2016/11/11_12:47:35','代理商财务','z1234','导出对账结果',651,'成功'),('2016/11/11_12:51:05','代理商财务','z1234','执行对账',652,'成功'),('2016/11/11_12:51:06','代理商财务','z1234','导出对账结果',653,'成功'),('2016/11/11_12:55:02','代理商财务','z1234','登录',654,'成功'),('2016/11/11_12:55:23','代理商财务','z1234','进入对账流程',655,'成功'),('2016/11/11_12:55:56','代理商财务','z1234','执行对账',656,'成功'),('2016/11/11_12:55:57','代理商财务','z1234','导出对账结果',657,'成功'),('2016/11/11_12:57:13','代理商财务','z1234','注销',658,'成功'),('2016/11/11_12:57:14','代理商财务','z1234','登录',659,'成功'),('2016/11/11_12:58:00','代理商财务','z1234','注销',660,'成功'),('2016/11/11_12:58:01','代理商财务','z1234','登录',661,'成功'),('2016/11/11_13:01:41','代理商财务','z1234','登录',662,'成功'),('2016/11/11_13:01:47','代理商财务','z1234','进入对账流程',663,'成功'),('2016/11/11_13:02:14','代理商财务','z1234','执行对账',664,'成功'),('2016/11/11_13:02:23','代理商财务','z1234','导出对账结果',665,'成功'),('2016/11/11_13:05:07','代理商财务','z1234','执行对账',666,'成功'),('2016/11/11_13:05:08','代理商财务','z1234','导出对账结果',667,'成功'),('2016/11/11_13:05:26','代理商财务','z1234','进入对账流程',668,'成功'),('2016/11/11_13:05:34','代理商财务','z1234','执行对账',669,'成功'),('2016/11/11_13:05:35','代理商财务','z1234','导出对账结果',670,'成功'),('2016/11/11_13:06:49','代理商财务','z1234','执行对账',671,'成功'),('2016/11/11_13:06:50','代理商财务','z1234','导出对账结果',672,'成功'),('2016/11/11_13:07:14','代理商财务','z1234','进入对账流程',673,'成功'),('2016/11/11_13:09:36','代理商财务','z1234','执行对账',674,'成功'),('2016/11/11_13:09:37','代理商财务','z1234','导出对账结果',675,'成功'),('2016/11/11_13:09:42','代理商财务','z1234','取消并重新对账',676,'成功'),('2016/11/11_13:09:49','代理商财务','z1234','注销',677,'成功'),('2016/11/11_13:09:50','代理商财务','z1234','登录',678,'成功'),('2016/11/11_13:09:51','代理商财务','z1234','进入对账流程',679,'成功'),('2016/11/11_13:10:04','代理商财务','z1234','执行对账',680,'成功'),('2016/11/11_13:10:05','代理商财务','z1234','导出对账结果',681,'成功'),('2016/11/11_13:10:09','代理商财务','z1234','注销',682,'成功'),('2016/11/11_13:10:11','代理商财务','z1234','登录',683,'成功'),('2016/11/11_13:10:24','代理商财务','z1234','执行对账',684,'成功'),('2016/11/11_13:10:25','代理商财务','z1234','导出对账结果',685,'成功'),('2016/11/11_13:10:29','代理商财务','z1234','注销',686,'成功'),('2016/11/11_13:10:38','代理商财务','w1234','登录',687,'成功'),('2016/11/11_13:11:13','代理商财务','w1234','注销',688,'成功'),('2016/11/11_13:11:28','代理商财务','w1234','登录',689,'成功'),('2016/11/11_13:11:37','代理商财务','w1234','注销',690,'成功'),('2016/11/11_13:11:49','管理员','l1234','登录',691,'成功'),('2016/11/11_13:14:24','管理员','l1234','注销',692,'成功'),('2016/11/11_13:14:28','管理员','w1234','登录',693,'失败'),('2016/11/11_13:14:30','代理商财务','w1234','登录',694,'成功'),('2016/11/11_13:14:37','代理商财务','w1234','注销',695,'成功'),('2016/11/11_13:22:37','代理商财务','z1234','登录',696,'成功'),('2016/11/11_13:22:44','代理商财务','z1234','注销',697,'成功'),('2016/11/11_13:22:47','管理员','l1234','登录',698,'成功');
/*!40000 ALTER TABLE `op_log` ENABLE KEYS */;
UNLOCK TABLES;

--
-- Table structure for table `ori_order`
--

DROP TABLE IF EXISTS `ori_order`;
/*!40101 SET @saved_cs_client     = @@character_set_client */;
/*!40101 SET character_set_client = utf8 */;
CREATE TABLE `ori_order` (
  `order_num` char(30) NOT NULL,
  `input` double DEFAULT NULL COMMENT '本月收入',
  `debt` double DEFAULT NULL,
  `total` double DEFAULT NULL,
  `state` char(15) DEFAULT NULL,
  `update_time` varchar(10) DEFAULT NULL,
  `remark` varchar(100) DEFAULT NULL,
  `client` varchar(60) DEFAULT NULL,
  `owner` varchar(20) DEFAULT NULL,
  `connect_bank` varchar(100) DEFAULT NULL COMMENT '关联的多条出纳',
  `customid` varchar(30) DEFAULT NULL COMMENT '对账联系人id',
  `cuscompanyid` varchar(30) DEFAULT NULL COMMENT '客户id',
  `product_time` varchar(10) DEFAULT NULL COMMENT '发货时间',
  `owner_product` varchar(60) DEFAULT NULL COMMENT '货款主体',
  `customname` varchar(100) DEFAULT NULL,
  `customphone` varchar(11) DEFAULT NULL,
  `customweixin` varchar(20) DEFAULT NULL,
  `asname` varchar(20) DEFAULT NULL,
  `asphone` varchar(11) DEFAULT NULL,
  `asemail` varchar(20) DEFAULT NULL,
  `province` varchar(20) DEFAULT NULL COMMENT '省份',
  PRIMARY KEY (`order_num`)
) ENGINE=InnoDB DEFAULT CHARSET=utf8 COMMENT='?????ϴ???ԭʼ?˵?';
/*!40101 SET character_set_client = @saved_cs_client */;

--
-- Dumping data for table `ori_order`
--

LOCK TABLES `ori_order` WRITE;
/*!40000 ALTER TABLE `ori_order` DISABLE KEYS */;
INSERT INTO `ori_order` VALUES ('38310012232132449',0,42000,49000,NULL,NULL,NULL,'小1','ah0001',NULL,NULL,'412924197812080385','2014/02/27','中发',NULL,NULL,NULL,'夏雪花','12345678901','132243@qq.com','安徽'),('3831143201451',0,10000,10000,NULL,NULL,NULL,'大连船舶','ah0001',NULL,NULL,'57667809-2','2014/02/27','中宏',NULL,NULL,NULL,'夏雪花','12345678901','132243@qq.com','安徽'),('508162321000465',0,78000,78000,NULL,NULL,NULL,'河东工程有限公司','ah0001',NULL,NULL,'61640871-7','2014/02/27','安徽代理商',NULL,NULL,NULL,'夏雪花','12345678901','132243@qq.com','安徽'),('6200300130',0,42000,42000,NULL,NULL,NULL,'合肥工程有限公司','ah0001',NULL,NULL,'34567309-2','2014/02/27','康富',NULL,NULL,NULL,'夏雪花','12345678901','132243@qq.com','安徽'),('650032025312',0,5000,50000,NULL,NULL,NULL,'小2','ah0001',NULL,NULL,'430902198005171529','2014/02/27','中发',NULL,NULL,NULL,'夏雪花','12345678901','132243@qq.com','安徽'),('650040232529319',0,45000,45000,NULL,NULL,NULL,'小3','ah0001',NULL,NULL,'332621197001086745','2014/02/27','汽车金融',NULL,NULL,NULL,'夏雪花','12345678901','132243@qq.com','安徽');
/*!40000 ALTER TABLE `ori_order` ENABLE KEYS */;
UNLOCK TABLES;

--
-- Table structure for table `ori_order_backup`
--

DROP TABLE IF EXISTS `ori_order_backup`;
/*!40101 SET @saved_cs_client     = @@character_set_client */;
/*!40101 SET character_set_client = utf8 */;
CREATE TABLE `ori_order_backup` (
  `order_num` char(30) NOT NULL,
  `input` double DEFAULT NULL COMMENT '本月收入',
  `debt` double DEFAULT NULL,
  `total` double DEFAULT NULL,
  `state` char(15) DEFAULT NULL,
  `update_time` varchar(10) DEFAULT NULL,
  `remark` varchar(100) DEFAULT NULL,
  `client` varchar(60) DEFAULT NULL,
  `owner` varchar(20) DEFAULT NULL,
  `connect_bank` varchar(100) DEFAULT NULL COMMENT '关联的多条出纳',
  `customid` varchar(30) DEFAULT NULL COMMENT '对账联系人id',
  `cuscompanyid` varchar(30) DEFAULT NULL COMMENT '客户id',
  `product_time` varchar(10) DEFAULT NULL COMMENT '发货时间',
  `owner_product` varchar(60) DEFAULT NULL COMMENT '货款主体',
  `customname` varchar(60) DEFAULT NULL,
  `customphone` varchar(11) DEFAULT NULL,
  `customweixin` varchar(20) DEFAULT NULL,
  `asname` varchar(20) DEFAULT NULL,
  `asphone` varchar(11) DEFAULT NULL,
  `asemail` varchar(20) DEFAULT NULL,
  `province` varchar(20) DEFAULT NULL COMMENT '省份',
  PRIMARY KEY (`order_num`)
) ENGINE=InnoDB DEFAULT CHARSET=utf8 COMMENT='?????ϴ???ԭʼ?˵?';
/*!40101 SET character_set_client = @saved_cs_client */;

--
-- Dumping data for table `ori_order_backup`
--

LOCK TABLES `ori_order_backup` WRITE;
/*!40000 ALTER TABLE `ori_order_backup` DISABLE KEYS */;
INSERT INTO `ori_order_backup` VALUES ('38311416001449',4000,177087,189087,'','2016/08/25','','杨军','gd0001','[776,787]',NULL,'4129812080385','2014/02/27','中发','','','','张小明','17355704249','15587924@qq.com','广东'),('38311416001451',0,200000,200000,'','','','阿荣旗远东混凝土有限公司','gd0001',NULL,NULL,'57667809-2','2014/02/27','中宏','','','','张小明','17355704249','15587924@qq.com','广东'),('50821216000465',0,345343,345343,'','','','安福县名骏商品混凝土有限责任公司','gd0001',NULL,NULL,'61640871-7','2014/02/27','广东代理商','邓发','135678890','dengfaweixin','张小明','17355704249','15587924@qq.com','广东'),('6199901Q1131246',0,179787,179787,'','','','邓航','gd0001',NULL,NULL,'410183197312122000','2014/03/26','广东代理商','邓航','15581666637','','张小明','17355704249','15587924@qq.com','广东'),('6199901Q124669038',0,179787,179787,'','','','汕头建筑有限公司','gd0001',NULL,NULL,'tSTFE122000','2014/03/26','广东代理商','刘三','13750678987','liusanweixin','张小明','17355704249','15587924@qq.com','广东'),('620004962950130',0,189678,189678,'','','','阿荣旗远东混凝土有限公司','gd0001',NULL,NULL,'57667809-2','2014/02/27','康富','','','','张小明','17355704249','15587924@qq.com','广东'),('65000552118980',0,623232,623232,'','','','李四','gd0001',NULL,NULL,'43098005171529','2014/02/27','中发','','','','张小明','17355704249','15587924@qq.com','广东'),('6500056529319',10000,6322278,6352278,'','2016/08/09','','临猗县瑞帝斯混凝土有限公司','gd0001','[771,782]',NULL,'33262111086745','2014/02/27','汽车金融','邓丁','1344536364','dengdingweixin','张小明','17355704249','15587924@qq.com','广东'),('7719091004',0,679560,679560,'','','','安福县名骏商品混凝土有限责任公司','gd0001',NULL,NULL,'61640871-7','2014/02/28','广东代理商','邓发','135678890','dengfaweixin','张小明','17355704249','15587924@qq.com','广东'),('77190916000004',0,679560,679560,'','','','安福县名骏商品混凝土有限责任公司','gd0001',NULL,NULL,'61640871-7','2014/02/28','广东代理商','邓发','135678890','dengfaweixin','张小明','17355704249','15587924@qq.com','广东'),('7924130137',0,1422554,1422554,'','','','安徽强大建筑集团有限公司','gd0001',NULL,NULL,'06066252-4','2014/03/26','广东代理商','','','','张小明','17355704249','15587924@qq.com','广东'),('79241316000137',0,1422554,1422554,'','','','茂名建筑集团有限公司','gd0001',NULL,NULL,'06066252-4','2014/03/26','广东代理商','','','','张小明','17355704249','15587924@qq.com','广东'),('KFZL1-654',0,1076565,1076565,'','','','邓航','gd0001',NULL,NULL,'410183197312122000','2014/03/26','广东代理商','邓航','15581666637','','张小明','17355704249','15587924@qq.com','广东'),('KFZL2011-654',0,1076565,1076565,'','','','汕尾建筑有限公司','gd0001',NULL,NULL,'4101REAFEW200','2014/03/26','广东代理商','','','','张小明','17355704249','15587924@qq.com','广东'),('KFZLfxe11-654',4800,1055765,1076565,'','2016/07/12','','安达市建安建筑工程有限公司','gd0001','[768,779,790]',NULL,'576932908T9-S','2014/03/26','广东代理商','刘飞','13760898909','liufeiweixin','张小明','17355704249','15587924@qq.com','广东'),('XTM1101108',6000,161787,179787,'','2016/08/25','','安徽华诚混凝土有限公司','gd0001','[775,786]',NULL,'57697899-4','2014/03/26','广东代理商','','','','张小明','17355704249','15587924@qq.com','广东'),('XTMeele01108',0,179787,179787,'','','','清运混凝土有限公司','gd0001',NULL,NULL,'57697899-4','2014/03/26','广东代理商','','','','张小明','17355704249','15587924@qq.com','广东');
/*!40000 ALTER TABLE `ori_order_backup` ENABLE KEYS */;
UNLOCK TABLES;

--
-- Table structure for table `pay_record`
--

DROP TABLE IF EXISTS `pay_record`;
/*!40101 SET @saved_cs_client     = @@character_set_client */;
/*!40101 SET character_set_client = utf8 */;
CREATE TABLE `pay_record` (
  `payer` char(30) NOT NULL COMMENT '付款人',
  `pay_money` double NOT NULL COMMENT '付款金额',
  `pay_way` varchar(30) NOT NULL COMMENT '付款方式',
  `pay_account` char(11) DEFAULT NULL COMMENT '付款账户',
  `id` int(11) NOT NULL AUTO_INCREMENT COMMENT '唯一id',
  `vicePayer` varchar(15) DEFAULT NULL,
  `receiver` varchar(60) DEFAULT NULL COMMENT '款项接受人',
  `connPerson` varchar(15) DEFAULT NULL COMMENT '对账联系人',
  `linkCer` varchar(100) DEFAULT NULL COMMENT '凭证保存路径',
  `bankinput_id` int(11) DEFAULT NULL COMMENT '关联的出纳id',
  `owner` varchar(60) DEFAULT NULL COMMENT '付款信息所属代理',
  `checkResult` char(1) DEFAULT NULL COMMENT '审阅结果',
  `pass` tinyint(1) DEFAULT NULL,
  `isconnect` tinyint(1) DEFAULT NULL COMMENT '是否和出纳关联',
  `many_pay` varchar(1000) DEFAULT NULL COMMENT '付款的合同号及金额',
  `upload_time` varchar(20) DEFAULT NULL COMMENT '上传时间',
  `contract_num` varchar(10) DEFAULT NULL,
  `caid` varchar(30) DEFAULT NULL COMMENT '对账id',
  `freeback` tinyint(1) DEFAULT '0' COMMENT '返利标志',
  PRIMARY KEY (`id`)
) ENGINE=InnoDB AUTO_INCREMENT=95 DEFAULT CHARSET=utf8;
/*!40101 SET character_set_client = @saved_cs_client */;

--
-- Dumping data for table `pay_record`
--

LOCK TABLES `pay_record` WRITE;
/*!40000 ALTER TABLE `pay_record` DISABLE KEYS */;
/*!40000 ALTER TABLE `pay_record` ENABLE KEYS */;
UNLOCK TABLES;

--
-- Table structure for table `pay_record_cache`
--

DROP TABLE IF EXISTS `pay_record_cache`;
/*!40101 SET @saved_cs_client     = @@character_set_client */;
/*!40101 SET character_set_client = utf8 */;
CREATE TABLE `pay_record_cache` (
  `payer` char(30) NOT NULL COMMENT '付款人',
  `pay_money` double NOT NULL COMMENT '付款金额',
  `pay_way` varchar(30) NOT NULL COMMENT '付款方式',
  `pay_account` char(11) DEFAULT NULL COMMENT '付款账户',
  `id` int(11) NOT NULL AUTO_INCREMENT COMMENT '唯一id',
  `vicePayer` varchar(15) DEFAULT NULL,
  `receiver` varchar(60) DEFAULT NULL COMMENT '款项接受人',
  `connPerson` varchar(15) DEFAULT NULL COMMENT '对账联系人',
  `linkCer` varchar(100) DEFAULT NULL COMMENT '凭证保存路径',
  `bankinput_id` int(11) DEFAULT NULL COMMENT '关联的出纳id',
  `owner` varchar(60) DEFAULT NULL COMMENT '付款信息所属代理',
  `checkResult` char(1) DEFAULT NULL COMMENT '审阅结果',
  `pass` tinyint(1) DEFAULT NULL,
  `isconnect` tinyint(1) DEFAULT NULL COMMENT '是否和出纳关联',
  `many_pay` varchar(1000) DEFAULT NULL COMMENT '付款的合同号及金额',
  `upload_time` varchar(20) DEFAULT NULL COMMENT '上传时间',
  `contract_num` varchar(10) DEFAULT NULL,
  `caid` varchar(30) DEFAULT NULL COMMENT '对账id',
  `freeback` tinyint(1) DEFAULT '0' COMMENT '返利标志',
  PRIMARY KEY (`id`)
) ENGINE=InnoDB AUTO_INCREMENT=853 DEFAULT CHARSET=utf8;
/*!40101 SET character_set_client = @saved_cs_client */;

--
-- Dumping data for table `pay_record_cache`
--

LOCK TABLES `pay_record_cache` WRITE;
/*!40000 ALTER TABLE `pay_record_cache` DISABLE KEYS */;
INSERT INTO `pay_record_cache` VALUES ('邓航',438,'网银转账','K78965',852,NULL,'周洁','denghang','/check_Accout/付款记录/ah0001/邓航/2016-11-10_16_38_50.jpg',NULL,'ah0001',NULL,0,0,'[{\"contract\":\"6199901Q1131246\",\"money\":437},{\"contract\":\"KFZL1-654\",\"money\":1}]','2016年11月10日16:38:50',NULL,'2016-11-ah0001',NULL);
/*!40000 ALTER TABLE `pay_record_cache` ENABLE KEYS */;
UNLOCK TABLES;

--
-- Table structure for table `pay_record_history`
--

DROP TABLE IF EXISTS `pay_record_history`;
/*!40101 SET @saved_cs_client     = @@character_set_client */;
/*!40101 SET character_set_client = utf8 */;
CREATE TABLE `pay_record_history` (
  `payer` char(30) NOT NULL COMMENT '付款人',
  `pay_money` double NOT NULL COMMENT '付款金额',
  `pay_way` varchar(30) NOT NULL COMMENT '付款方式',
  `pay_account` char(11) DEFAULT NULL COMMENT '付款账户',
  `id` int(11) NOT NULL AUTO_INCREMENT COMMENT '唯一id',
  `vicePayer` varchar(15) DEFAULT NULL,
  `receiver` varchar(60) DEFAULT NULL COMMENT '款项接受人',
  `connPerson` varchar(15) DEFAULT NULL COMMENT '对账联系人',
  `linkCer` varchar(100) DEFAULT NULL COMMENT '凭证保存路径',
  `bankinput_id` int(11) DEFAULT NULL COMMENT '关联的出纳id',
  `owner` varchar(60) DEFAULT NULL COMMENT '付款信息所属代理',
  `checkResult` char(1) DEFAULT NULL COMMENT '审阅结果',
  `pass` tinyint(1) DEFAULT NULL,
  `isconnect` tinyint(1) DEFAULT NULL COMMENT '是否和出纳关联',
  `many_pay` varchar(1000) DEFAULT NULL COMMENT '付款的合同号及金额',
  `upload_time` varchar(20) DEFAULT NULL COMMENT '上传时间',
  `contract_num` varchar(10) DEFAULT NULL,
  `caid` varchar(30) DEFAULT NULL COMMENT '对账id,本次对账的标志',
  `freeback` tinyint(1) DEFAULT '0' COMMENT '返利标志',
  PRIMARY KEY (`id`)
) ENGINE=InnoDB AUTO_INCREMENT=132 DEFAULT CHARSET=utf8;
/*!40101 SET character_set_client = @saved_cs_client */;

--
-- Dumping data for table `pay_record_history`
--

LOCK TABLES `pay_record_history` WRITE;
/*!40000 ALTER TABLE `pay_record_history` DISABLE KEYS */;
INSERT INTO `pay_record_history` VALUES ('临猗县瑞帝斯混凝土有限公司',5000,'其他','E123456',11,'','广东工程机械有限公司','dengding','/check_Accout/付款记录/gd0001/临猗县瑞帝斯混凝土有限公司/2016-10-19_22_27_34.jpg',0,'gd0001','N',0,0,'[{\"contract\":\"6500056529319\",\"money\":5000}]','2016年10月19日22:27:34','','2016-10-gd0001',1),('汕头建筑有限公司',5180,'现金','',12,'','赵七','liusan','/check_Accout/付款记录/gd0001/汕头建筑有限公司/2016-10-20_06_57_41.jpg',0,'gd0001','W',0,0,'[{\"contract\":\"6199901Q124669038\",\"money\":5180}]','2016年10月20日06:57:41','','2016-10-gd0001',1),('李四',3698.38,'现金','',13,'','王五','lisi','/check_Accout/付款记录/gd0001/李四/2016-10-20_07_59_46.jpg',0,'gd0001','N',0,0,'[{\"contract\":\"65000552118980\",\"money\":3698.38}]','2016年10月20日07:59:46','','2016-10-gd0001',1),('三一测试公司',1000,'网银转账','D123456',14,'','测试','test','/check_Accout/付款记录/gd0001/三一测试公司/2016-10-20_15_01_55.webp',0,'gd0001','N',0,0,'[{\"contract\":\"5082121600046\",\"money\":300},{\"contract\":\"771909100\",\"money\":300},{\"contract\":\"7719091600000\",\"money\":400}]','2016年10月20日15:01:55','','2016-10-gd0001',0),('邓航',1000,'网银转账','K78965',15,'','张三','denghang','/check_Accout/付款记录/gd0001/邓航/2016-10-20_16_30_47.jpg',0,'gd0001','N',0,0,'[{\"contract\":\"6199901Q1131246\",\"money\":500},{\"contract\":\"KFZL1-654\",\"money\":500}]','2016年10月20日16:30:47','','2016-10-gd0001',1),('邓航',1000,'网银转账','K78965',16,'','里斯','denghang','/check_Accout/付款记录/gd0001/邓航/2016-10-20_16_32_56.jpg',0,'gd0001','N',0,0,'[{\"contract\":\"6199901Q1131246\",\"money\":500},{\"contract\":\"KFZL1-654\",\"money\":300}]','2016年10月20日16:32:56','','2016-10-gd0001',0),('安福县名骏商品混凝土有限责任公司',10000,'网银转账','D123456',17,'','广东工程机械有限公司','dengfa','/check_Accout/付款记录/gd0001/安福县名骏商品混凝土有限责任公司/2016-10-20_16_33_25.jpg',0,'gd0001','N',0,0,'[{\"contract\":\"50821216000465\",\"money\":4000},{\"contract\":\"7719091004\",\"money\":4000},{\"contract\":\"77190916000004\",\"money\":2000}]','2016年10月20日16:33:25','','2016-10-gd0001',1),('安达市建安建筑工程有限公司',1600,'电汇','B123456',18,'','广东工程有限公司','liufei','/check_Accout/付款记录/gd0001/安达市建安建筑工程有限公司/2016-10-20_17_09_14.jpg',0,'gd0001','N',0,0,'[{\"contract\":\"KFZLfxe11-654\",\"money\":1600}]','2016年10月20日17:09:14','','2016-10-gd0001',0),('邓航',777,'银行承诺汇票','K78965',19,'','Hhh','denghang','/check_Accout/付款记录/gd0001/邓航/2016-10-20_17_13_07.jpg',0,'gd0001','N',0,0,'[{\"contract\":\"6199901Q1131246\",\"money\":888},{\"contract\":\"KFZL1-654\",\"money\":654}]','2016年10月20日17:13:07','','2016-10-gd0001',0),('邓航',200,'网银转账','K78965',20,'','张三','denghang','/check_Accout/付款记录/gd0001/邓航/2016-10-20_17_17_22.jpg',0,'gd0001','N',0,0,'[{\"contract\":\"test\",\"money\":100},{\"contract\":\"6199901Q1131246\",\"money\":100}]','2016年10月20日17:17:22','','2016-10-gd0001',0),('邓航',1000,'现金','K78965',112,'','张三','denghang','/check_Accout/付款记录/gd0001/邓航/2016-11-09_09_37_01.png',0,'gd0001','N',0,0,'[{\"contract\":\"KFZL1-654\",\"money\":200},{\"contract\":\"6199901Q1131246\",\"money\":800}]','2016年11月09日09:37:01','','2016-11-gd0001',0),('安福县名骏商品混凝土有限责任公司',10000,'其他','D123456',113,'','广东工程机械有限公司','dengfa','/check_Accout/付款记录/gd0001/安福县名骏商品混凝土有限责任公司/2016-11-09_09_40_59.jpg',0,'gd0001','N',0,0,'[{\"contract\":\"77190916000004\",\"money\":2000},{\"contract\":\"7719091004\",\"money\":2000},{\"contract\":\"50821216000465\",\"money\":6000}]','2016年11月09日09:40:59','','2016-11-gd0001',0),('安达市建安建筑工程有限公司',1600,'电汇','B123456',114,'','广东工程机械有限公司','liufei','/check_Accout/付款记录/gd0001/安达市建安建筑工程有限公司/2016-11-09_09_46_05.jpg',0,'gd0001','N',0,0,'[{\"contract\":\"KFZLfxe11-654\",\"money\":1600}]','2016年11月09日09:46:05','','2016-11-gd0001',0),('安达市建安建筑工程有限公司',1600,'电汇','B123456',115,'','广东工程机械有限公司','liufei','/check_Accout/付款记录/gd0001/安达市建安建筑工程有限公司/2016-11-09_09_46_05.jpg',0,'gd0001','N',0,0,'[{\"contract\":\"KFZLfxe11-654\",\"money\":1600}]','2016年11月09日09:46:05','','2016-11-gd0001',0),('邓航',1000,'现金','K78965',116,'','张三','denghang','/check_Accout/付款记录/gd0001/邓航/2016-11-09_09_37_01.png',0,'gd0001','N',0,0,'[{\"contract\":\"KFZL1-654\",\"money\":200},{\"contract\":\"6199901Q1131246\",\"money\":800}]','2016年11月09日09:37:01','','2016-11-gd0001',0),('安福县名骏商品混凝土有限责任公司',10000,'其他','D123456',117,'','广东工程机械有限公司','dengfa','/check_Accout/付款记录/gd0001/安福县名骏商品混凝土有限责任公司/2016-11-09_09_40_59.jpg',0,'gd0001','N',0,0,'[{\"contract\":\"77190916000004\",\"money\":2000},{\"contract\":\"7719091004\",\"money\":2000},{\"contract\":\"50821216000465\",\"money\":6000}]','2016年11月09日09:40:59','','2016-11-gd0001',0),('安达市建安建筑工程有限公司',1600,'电汇','B123456',118,'','广东工程机械有限公司','liufei','/check_Accout/付款记录/gd0001/安达市建安建筑工程有限公司/2016-11-09_09_46_05.jpg',0,'gd0001','N',0,0,'[{\"contract\":\"KFZLfxe11-654\",\"money\":1600}]','2016年11月09日09:46:05','','2016-11-gd0001',0),('安达市建安建筑工程有限公司',1600,'电汇','B123456',119,'','广东工程机械有限公司','liufei','/check_Accout/付款记录/gd0001/安达市建安建筑工程有限公司/2016-11-09_09_46_05.jpg',0,'gd0001','N',0,0,'[{\"contract\":\"KFZLfxe11-654\",\"money\":1600}]','2016年11月09日09:46:05','','2016-11-gd0001',0),('邓航',1000,'现金','K78965',120,'','张三','denghang','/check_Accout/付款记录/gd0001/邓航/2016-11-09_09_37_01.png',0,'gd0001','N',0,0,'[{\"contract\":\"KFZL1-654\",\"money\":200},{\"contract\":\"6199901Q1131246\",\"money\":800}]','2016年11月09日09:37:01','','2016-11-gd0001',0),('安福县名骏商品混凝土有限责任公司',10000,'其他','D123456',121,'','广东工程机械有限公司','dengfa','/check_Accout/付款记录/gd0001/安福县名骏商品混凝土有限责任公司/2016-11-09_09_40_59.jpg',0,'gd0001','N',0,0,'[{\"contract\":\"77190916000004\",\"money\":2000},{\"contract\":\"7719091004\",\"money\":2000},{\"contract\":\"50821216000465\",\"money\":6000}]','2016年11月09日09:40:59','','2016-11-gd0001',0),('安达市建安建筑工程有限公司',1600,'电汇','B123456',122,'','广东工程机械有限公司','liufei','/check_Accout/付款记录/gd0001/安达市建安建筑工程有限公司/2016-11-09_09_46_05.jpg',0,'gd0001','N',0,0,'[{\"contract\":\"KFZLfxe11-654\",\"money\":1600}]','2016年11月09日09:46:05','','2016-11-gd0001',0),('安达市建安建筑工程有限公司',1600,'电汇','B123456',123,'','广东工程机械有限公司','liufei','/check_Accout/付款记录/gd0001/安达市建安建筑工程有限公司/2016-11-09_09_46_05.jpg',0,'gd0001','N',0,0,'[{\"contract\":\"KFZLfxe11-654\",\"money\":1600}]','2016年11月09日09:46:05','','2016-11-gd0001',0),('邓航',1000,'现金','K78965',124,'','张三','denghang','/check_Accout/付款记录/gd0001/邓航/2016-11-09_09_37_01.png',0,'gd0001','N',0,0,'[{\"contract\":\"KFZL1-654\",\"money\":200},{\"contract\":\"6199901Q1131246\",\"money\":800}]','2016年11月09日09:37:01','','2016-11-gd0001',0),('安福县名骏商品混凝土有限责任公司',10000,'其他','D123456',125,'','广东工程机械有限公司','dengfa','/check_Accout/付款记录/gd0001/安福县名骏商品混凝土有限责任公司/2016-11-09_09_40_59.jpg',0,'gd0001','N',0,0,'[{\"contract\":\"77190916000004\",\"money\":2000},{\"contract\":\"7719091004\",\"money\":2000},{\"contract\":\"50821216000465\",\"money\":6000}]','2016年11月09日09:40:59','','2016-11-gd0001',0),('安达市建安建筑工程有限公司',1600,'电汇','B123456',126,'','广东工程机械有限公司','liufei','/check_Accout/付款记录/gd0001/安达市建安建筑工程有限公司/2016-11-09_09_46_05.jpg',0,'gd0001','N',0,0,'[{\"contract\":\"KFZLfxe11-654\",\"money\":1600}]','2016年11月09日09:46:05','','2016-11-gd0001',0),('安达市建安建筑工程有限公司',1600,'电汇','B123456',127,'','广东工程机械有限公司','liufei','/check_Accout/付款记录/gd0001/安达市建安建筑工程有限公司/2016-11-09_09_46_05.jpg',0,'gd0001','N',0,0,'[{\"contract\":\"KFZLfxe11-654\",\"money\":1600}]','2016年11月09日09:46:05','','2016-11-gd0001',0),('邓航',1000,'现金','K78965',128,'','张三','denghang','/check_Accout/付款记录/gd0001/邓航/2016-11-09_09_37_01.png',0,'gd0001','N',0,0,'[{\"contract\":\"KFZL1-654\",\"money\":200},{\"contract\":\"6199901Q1131246\",\"money\":800}]','2016年11月09日09:37:01','','2016-11-gd0001',0),('安福县名骏商品混凝土有限责任公司',10000,'其他','D123456',129,'','广东工程机械有限公司','dengfa','/check_Accout/付款记录/gd0001/安福县名骏商品混凝土有限责任公司/2016-11-09_09_40_59.jpg',0,'gd0001','N',0,0,'[{\"contract\":\"77190916000004\",\"money\":2000},{\"contract\":\"7719091004\",\"money\":2000},{\"contract\":\"50821216000465\",\"money\":6000}]','2016年11月09日09:40:59','','2016-11-gd0001',0),('安达市建安建筑工程有限公司',1600,'电汇','B123456',130,'','广东工程机械有限公司','liufei','/check_Accout/付款记录/gd0001/安达市建安建筑工程有限公司/2016-11-09_09_46_05.jpg',0,'gd0001','N',0,0,'[{\"contract\":\"KFZLfxe11-654\",\"money\":1600}]','2016年11月09日09:46:05','','2016-11-gd0001',0),('安达市建安建筑工程有限公司',1600,'电汇','B123456',131,'','广东工程机械有限公司','liufei','/check_Accout/付款记录/gd0001/安达市建安建筑工程有限公司/2016-11-09_09_46_05.jpg',0,'gd0001','N',0,0,'[{\"contract\":\"KFZLfxe11-654\",\"money\":1600}]','2016年11月09日09:46:05','','2016-11-gd0001',0);
/*!40000 ALTER TABLE `pay_record_history` ENABLE KEYS */;
UNLOCK TABLES;

--
-- Temporary view structure for view `pay_record_view`
--

DROP TABLE IF EXISTS `pay_record_view`;
/*!50001 DROP VIEW IF EXISTS `pay_record_view`*/;
SET @saved_cs_client     = @@character_set_client;
SET character_set_client = utf8;
/*!50001 CREATE VIEW `pay_record_view` AS SELECT 
 1 AS `payer`,
 1 AS `pay_money`,
 1 AS `pay_way`,
 1 AS `pay_account`,
 1 AS `id`,
 1 AS `vicePayer`,
 1 AS `receiver`,
 1 AS `connPerson`,
 1 AS `linkCer`,
 1 AS `bankinput_id`,
 1 AS `owner`,
 1 AS `checkResult`,
 1 AS `pass`,
 1 AS `isconnect`,
 1 AS `many_pay`,
 1 AS `upload_time`,
 1 AS `contract_num`,
 1 AS `caid`,
 1 AS `freeback`,
 1 AS `agent_name`*/;
SET character_set_client = @saved_cs_client;

--
-- Final view structure for view `connect_person_view`
--

/*!50001 DROP VIEW IF EXISTS `connect_person_view`*/;
/*!50001 SET @saved_cs_client          = @@character_set_client */;
/*!50001 SET @saved_cs_results         = @@character_set_results */;
/*!50001 SET @saved_col_connection     = @@collation_connection */;
/*!50001 SET character_set_client      = utf8mb4 */;
/*!50001 SET character_set_results     = utf8mb4 */;
/*!50001 SET collation_connection      = utf8mb4_general_ci */;
/*!50001 CREATE ALGORITHM=UNDEFINED */
/*!50013 DEFINER=`root`@`localhost` SQL SECURITY DEFINER */
/*!50001 VIEW `connect_person_view` AS select `connect_person`.`username` AS `username`,`connect_person`.`phone` AS `phone`,`connect_person`.`weixin` AS `weixin`,`connect_person`.`company` AS `company`,`connect_person`.`password` AS `password`,`connect_person`.`real_name` AS `real_name`,`connect_person`.`register_way` AS `register_way`,`connect_person`.`agent` AS `agent`,`connect_person`.`contract_mes` AS `contract_mes`,`connect_person`.`companyid` AS `companyid`,`connect_person`.`flag` AS `flag`,`connect_person`.`email` AS `email`,`connect_person`.`cardid` AS `cardid`,`connect_person`.`score` AS `score`,`agent`.`agent_name` AS `agent_name` from (`connect_person` join `agent`) where (`connect_person`.`agent` = `agent`.`agent_id`) */;
/*!50001 SET character_set_client      = @saved_cs_client */;
/*!50001 SET character_set_results     = @saved_cs_results */;
/*!50001 SET collation_connection      = @saved_col_connection */;

--
-- Final view structure for view `pay_record_view`
--

/*!50001 DROP VIEW IF EXISTS `pay_record_view`*/;
/*!50001 SET @saved_cs_client          = @@character_set_client */;
/*!50001 SET @saved_cs_results         = @@character_set_results */;
/*!50001 SET @saved_col_connection     = @@collation_connection */;
/*!50001 SET character_set_client      = utf8mb4 */;
/*!50001 SET character_set_results     = utf8mb4 */;
/*!50001 SET collation_connection      = utf8mb4_general_ci */;
/*!50001 CREATE ALGORITHM=UNDEFINED */
/*!50013 DEFINER=`root`@`localhost` SQL SECURITY DEFINER */
/*!50001 VIEW `pay_record_view` AS select `pay_record`.`payer` AS `payer`,`pay_record`.`pay_money` AS `pay_money`,`pay_record`.`pay_way` AS `pay_way`,`pay_record`.`pay_account` AS `pay_account`,`pay_record`.`id` AS `id`,`pay_record`.`vicePayer` AS `vicePayer`,`pay_record`.`receiver` AS `receiver`,`pay_record`.`connPerson` AS `connPerson`,`pay_record`.`linkCer` AS `linkCer`,`pay_record`.`bankinput_id` AS `bankinput_id`,`pay_record`.`owner` AS `owner`,`pay_record`.`checkResult` AS `checkResult`,`pay_record`.`pass` AS `pass`,`pay_record`.`isconnect` AS `isconnect`,`pay_record`.`many_pay` AS `many_pay`,`pay_record`.`upload_time` AS `upload_time`,`pay_record`.`contract_num` AS `contract_num`,`pay_record`.`caid` AS `caid`,`pay_record`.`freeback` AS `freeback`,`agent`.`agent_name` AS `agent_name` from (`pay_record` left join `agent` on((`pay_record`.`owner` = `agent`.`agent_id`))) union all select `pay_record_cache`.`payer` AS `payer`,`pay_record_cache`.`pay_money` AS `pay_money`,`pay_record_cache`.`pay_way` AS `pay_way`,`pay_record_cache`.`pay_account` AS `pay_account`,`pay_record_cache`.`id` AS `id`,`pay_record_cache`.`vicePayer` AS `vicePayer`,`pay_record_cache`.`receiver` AS `receiver`,`pay_record_cache`.`connPerson` AS `connPerson`,`pay_record_cache`.`linkCer` AS `linkCer`,`pay_record_cache`.`bankinput_id` AS `bankinput_id`,`pay_record_cache`.`owner` AS `owner`,`pay_record_cache`.`checkResult` AS `checkResult`,`pay_record_cache`.`pass` AS `pass`,`pay_record_cache`.`isconnect` AS `isconnect`,`pay_record_cache`.`many_pay` AS `many_pay`,`pay_record_cache`.`upload_time` AS `upload_time`,`pay_record_cache`.`contract_num` AS `contract_num`,`pay_record_cache`.`caid` AS `caid`,`pay_record_cache`.`freeback` AS `freeback`,`agent`.`agent_name` AS `agent_name` from (`pay_record_cache` left join `agent` on((`pay_record_cache`.`owner` = `agent`.`agent_id`))) union all select `pay_record_history`.`payer` AS `payer`,`pay_record_history`.`pay_money` AS `pay_money`,`pay_record_history`.`pay_way` AS `pay_way`,`pay_record_history`.`pay_account` AS `pay_account`,`pay_record_history`.`id` AS `id`,`pay_record_history`.`vicePayer` AS `vicePayer`,`pay_record_history`.`receiver` AS `receiver`,`pay_record_history`.`connPerson` AS `connPerson`,`pay_record_history`.`linkCer` AS `linkCer`,`pay_record_history`.`bankinput_id` AS `bankinput_id`,`pay_record_history`.`owner` AS `owner`,`pay_record_history`.`checkResult` AS `checkResult`,`pay_record_history`.`pass` AS `pass`,`pay_record_history`.`isconnect` AS `isconnect`,`pay_record_history`.`many_pay` AS `many_pay`,`pay_record_history`.`upload_time` AS `upload_time`,`pay_record_history`.`contract_num` AS `contract_num`,`pay_record_history`.`caid` AS `caid`,`pay_record_history`.`freeback` AS `freeback`,`agent`.`agent_name` AS `agent_name` from (`pay_record_history` left join `agent` on((`pay_record_history`.`owner` = `agent`.`agent_id`))) */;
/*!50001 SET character_set_client      = @saved_cs_client */;
/*!50001 SET character_set_results     = @saved_cs_results */;
/*!50001 SET collation_connection      = @saved_col_connection */;
/*!40103 SET TIME_ZONE=@OLD_TIME_ZONE */;

/*!40101 SET SQL_MODE=@OLD_SQL_MODE */;
/*!40014 SET FOREIGN_KEY_CHECKS=@OLD_FOREIGN_KEY_CHECKS */;
/*!40014 SET UNIQUE_CHECKS=@OLD_UNIQUE_CHECKS */;
/*!40101 SET CHARACTER_SET_CLIENT=@OLD_CHARACTER_SET_CLIENT */;
/*!40101 SET CHARACTER_SET_RESULTS=@OLD_CHARACTER_SET_RESULTS */;
/*!40101 SET COLLATION_CONNECTION=@OLD_COLLATION_CONNECTION */;
/*!40111 SET SQL_NOTES=@OLD_SQL_NOTES */;

-- Dump completed on 2016-11-11 13:22:59
